SYMBOL,DAY1_PCT_CHANGE,DAY2_PCT_CHANGE,DELTA_PCT_CHANGE,TREND
1003SCL30A,4.1,,,flat
1025VCCL28,1.13,-3.51,-4.64,down
105IIFL29,1.99,0.09,-1.9,down
10MWL29,1.28,,,flat
1275DCCL28,1.58,,,flat
12VCCL29B,1.83,,,flat
182D221026,1.24,0.0,-1.24,down
21STCENMGM,1.64,0.65,-0.9899999999999999,down
364D110227,1.06,,,flat
364D231026,1.31,,,flat
3PLAND,1.07,0.06,-1.01,down
601GS2030,3.0,-0.07,-3.07,down
648GS2035,2.11,-0.05,-2.1599999999999997,down
68GS2060,3.4,0.16,-3.2399999999999998,down
699GS2051,2.53,-0.48,-3.01,down
735NABAR31,2.86,,,flat
746TS49,1.06,,,flat
772GS2055,4.74,,,flat
779TN32,3.62,,,flat
797TS43,5.0,,,flat
79NHIT40,1.59,-0.04,-1.6300000000000001,down
870IIFL28,1.82,-1.69,-3.51,down
87HMDA33,1.96,,,flat
87HMDA34,4.41,,,flat
891IIFCL34,2.0,-0.79,-2.79,down
91D291026,4.99,-0.7,-5.69,down
925SCL30A,19.42,,,flat
948SCL26A,1.66,0.08,-1.5799999999999998,down
948SCL27D,8.15,-0.94,-9.09,down
965SCL25C,1.93,,,flat
AAATECH,1.96,-1.26,-3.2199999999999998,down
AADHARHFC,1.92,-1.65,-3.57,down
AARNAV,1.38,-0.13,-1.5099999999999998,down
AARTIIND,3.14,0.18,-2.96,down
AARTIPHARM,1.35,-0.92,-2.27,down
AARTISURF,1.88,-2.79,-4.67,down
ABANSENT,2.56,-1.85,-4.41,down
ABFRL,1.87,0.11,-1.76,down
ACL,1.18,-0.08,-1.26,down
ACSTECH,3.7,0.07,-3.6300000000000003,down
ADVAIT,1.21,-5.18,-6.39,down
AEGISVOPAK,1.71,-1.18,-2.8899999999999997,down
AFFLE,1.57,-2.55,-4.12,down
AGARWALTUF,1.04,-0.89,-1.9300000000000002,down
AGL,9.96,-4.29,-14.25,down
AHLWEST,1.14,-0.37,-1.5099999999999998,down
AIAENG,3.2,-0.4,-3.6,down
AIIL,4.5,0.07,-4.43,down
AKG,2.61,0.58,-2.03,down
AKI,6.64,-0.44,-7.08,down
AKSHARCHEM,2.77,-0.93,-3.7,down
ALANKIT,2.28,-0.12,-2.4,down
ALICON,2.76,0.66,-2.0999999999999996,down
ALLCARGO,19.9,-5.12,-25.02,down
ALPA,3.94,-2.69,-6.63,down
ALUWIND,1.31,-2.38,-3.69,down
ANIKINDS,2.04,-0.21,-2.25,down
ANSALAPI,1.71,-0.56,-2.27,down
AONEGOLD,2.37,0.87,-1.5,down
APLLTD,1.99,-0.52,-2.51,down
APOLLO,1.23,-0.02,-1.25,down
APOLLOTYRE,1.08,-1.05,-2.13,down
APOLSINHOT,3.56,-2.77,-6.33,down
AQYLON,4.95,-3.82,-8.77,down
ARABIAN,18.06,-4.12,-22.18,down
ARCHIES,1.56,-2.02,-3.58,down
ARCIIL,7.04,-1.32,-8.36,down
ARIHANTSUP,2.71,-0.67,-3.38,down
ARIS,1.4,0.3,-1.0999999999999999,down
ARMOUR,2.93,-4.92,-7.85,down
ASHIKAG,2.76,-4.15,-6.91,down
ASHIMASYN,1.74,0.39,-1.35,down
ASIANHOTNR,3.05,-1.04,-4.09,down
ASIANTILES,4.85,-1.55,-6.3999999999999995,down
ASKAUTOLTD,6.47,-6.46,-12.93,down
ASTRON,2.2,0.54,-1.6600000000000001,down
ATCENERGY,3.73,-1.89,-5.62,down
ATL,10.31,-1.96,-12.27,down
AUBANK,3.45,-1.89,-5.34,down
AUTOIND,1.25,-2.05,-3.3,down
AVTNPL,1.1,0.38,-0.7200000000000001,down
AWL,1.98,0.06,-1.92,down
AXISCADES,2.58,-2.02,-4.6,down
BAFNAPH,1.99,0.16,-1.83,down
BAJAJELEC,9.88,-2.97,-12.850000000000001,down
BAJAJINDEF,2.55,-1.77,-4.32,down
BAJEL,5.73,-1.32,-7.050000000000001,down
BALAJITELE,1.04,0.21,-0.8300000000000001,down
BALAMINES,5.12,-3.39,-8.51,down
BANARISUG,1.02,-0.56,-1.58,down
BANDHANBNK,2.46,0.78,-1.68,down
BANK10BETF,1.96,-1.32,-3.2800000000000002,down
BANKBARODA,2.2,-0.12,-2.3200000000000003,down
BANKPSU,2.2,0.8,-1.4000000000000001,down
BANSALWIRE,3.36,0.33,-3.03,down
BASF,2.19,-0.82,-3.01,down
BATLIBOI,8.88,-11.24,-20.12,down
BBL,1.11,-0.7,-1.81,down
BBNPPGOLD,2.29,0.94,-1.35,down
BDL,4.76,-0.38,-5.14,down
BEL,2.36,0.45,-1.91,down
BETA,6.42,-5.76,-12.18,down
BIMETAL,2.02,0.8,-1.22,down
BIOCON,2.68,-2.35,-5.03,down
BIRLAPREC,1.04,0.31,-0.73,down
BLBLIMITED,2.49,-0.68,-3.1700000000000004,down
BLKASHYAP,4.52,0.02,-4.5,down
BLUEWATER,1.93,0.46,-1.47,down
BMWVENTLTD,1.3,-2.39,-3.6900000000000004,down
BNAGROCHEM,1.13,-2.91,-4.04,down
BORANA,4.58,-1.45,-6.03,down
BOROLTD,1.96,-1.52,-3.48,down
BRANDMAN,4.67,0.62,-4.05,down
BSLGOLDETF,2.44,0.91,-1.5299999999999998,down
BUTTERFLY,2.1,0.01,-2.0900000000000003,down
BVCL,1.65,-2.73,-4.38,down
CANBK,2.16,0.19,-1.9700000000000002,down
CAPACITE,1.84,-5.9,-7.74,down
CAPLIPOINT,1.73,-0.45,-2.18,down
CARRARO,1.16,-7.4,-8.56,down
CARYSIL,1.91,-2.47,-4.38,down
CASTROLIND,1.37,-1.08,-2.45,down
CEATLTD,1.4,-0.86,-2.26,down
CENTURYPLY,1.97,-0.23,-2.2,down
CGCL,1.16,-4.49,-5.65,down
CHALET,2.79,-0.39,-3.18,down
CHEMICAL,1.78,-0.68,-2.46,down
CHOICEGOLD,2.55,0.72,-1.8299999999999998,down
CHOICEIN,1.07,0.95,-0.1200000000000001,down
CHOLAFIN,3.19,-3.8,-6.99,down
CHOLAHLDNG,2.76,-1.21,-3.9699999999999998,down
CIPLA,1.25,-0.89,-2.14,down
CLEDUCATE,1.68,-1.79,-3.4699999999999998,down
CMRGREEN,2.02,-2.54,-4.5600000000000005,down
CMSINFO,1.33,-1.59,-2.92,down
COMFINTE,7.18,-1.64,-8.82,down
CONNPLEX,1.19,-0.39,-1.58,down
CORDELIA,1.84,-0.61,-2.45,down
COUNCODOS,4.89,-0.48,-5.369999999999999,down
CRAFTSMAN,1.41,-0.68,-2.09,down
CREATIVEYE,2.12,0.0,-2.12,down
CREDITACC,3.46,-1.51,-4.97,down
CREDITACC,1.27,-1.51,-2.7800000000000002,down
CROMPTON,1.47,-7.43,-8.9,down
CSM,1.62,-0.45,-2.0700000000000003,down
CUBEXTUB,2.47,0.02,-2.45,down
CUPID,4.16,-0.18,-4.34,down
CURAA,4.31,-2.9,-7.209999999999999,down
CURRENT,3.47,,,flat
CYBERMEDIA,1.69,-1.17,-2.86,down
DAICHI,1.07,0.5,-0.5700000000000001,down
DAMODARIND,1.6,-0.04,-1.6400000000000001,down
DCBBANK,3.07,-1.19,-4.26,down
DCMFINSERV,3.54,-4.68,-8.219999999999999,down
DCMNVL,2.56,-2.4,-4.96,down
DCMSIL,5.0,-3.48,-8.48,down
DDEVPLSTIK,7.7,-7.21,-14.91,down
DECCANCE,1.23,0.19,-1.04,down
DECNGOLD,13.26,-4.09,-17.35,down
DEFENCE,2.42,0.37,-2.05,down
DELTAMAGNT,2.26,0.26,-1.9999999999999998,down
DELTIC,3.27,-3.86,-7.13,down
DHANUKA,2.1,-0.58,-2.68,down
DIAMINESQ,1.58,-2.31,-3.89,down
DICIND,1.61,-0.76,-2.37,down
DIFFNKG,4.64,-0.65,-5.29,down
DOLLAR,3.47,-0.85,-4.32,down
DRAGARWQ,1.08,0.62,-0.4600000000000001,down
DRCSYSTEMS,3.15,-3.2,-6.35,down
DREAMFOLKS,2.17,-0.78,-2.95,down
DVL,3.41,-1.81,-5.220000000000001,down
DYNAMATECH,3.73,-0.02,-3.75,down
E2E,1.18,-4.99,-6.17,down
EDELWEISS,2.87,-2.16,-5.03,down
EGOLD,2.49,0.78,-1.7100000000000002,down
EKC,1.94,0.92,-1.02,down
ELANTAS,4.47,-0.52,-4.99,down
ELECON,3.48,-2.8,-6.279999999999999,down
ELM250,1.56,0.18,-1.3800000000000001,down
EMAMILTD,1.65,0.87,-0.7799999999999999,down
EMMIL,2.23,-4.24,-6.470000000000001,down
EMMVEE,1.09,-2.82,-3.91,down
EMUDHRA,3.32,-0.31,-3.63,down
ENCOMPAS,1.67,-6.79,-8.46,down
ENSER,2.56,-3.43,-5.99,down
ESAFSFB,1.97,-5.34,-7.31,down
ETERNAL,1.9,-0.4,-2.3,down
ETML,2.63,-0.48,-3.11,down
EVERESTIND,1.51,-1.89,-3.4,down
EXICOM,1.81,-6.29,-8.1,down
EXXARO,1.62,-1.75,-3.37,down
FCL,8.02,-0.26,-8.28,down
FEDFINA,2.16,-1.93,-4.09,down
FICRF3GP,8.04,,,flat
FIDEL,2.93,-1.39,-4.32,down
FINCABLES,3.13,-0.98,-4.109999999999999,down
FINPIPE,2.49,-4.02,-6.51,down
FIVESTAR,1.01,-1.81,-2.8200000000000003,down
FLUOROCHEM,1.11,-0.66,-1.77,down
FOCE,2.78,,,flat
FOCUS,1.43,-1.31,-2.74,down
FUSION,2.51,-4.65,-7.16,down
GAEL,1.65,-4.78,-6.43,down
GALAPREC,3.35,-10.82,-14.17,down
GANDHAR,4.99,-0.1,-5.09,down
GANESHIN,4.9,-0.92,-5.82,down
GANGABATH,3.1,-1.51,-4.61,down
GARFIBRES,5.2,-3.22,-8.42,down
GARUDA,2.29,-1.07,-3.3600000000000003,down
GATEWAY,1.57,-0.51,-2.08,down
GAUDIUMIVF,2.0,-2.0,-4.0,down
GAYAHWS,2.06,0.0,-2.06,down
GCSL,1.26,-1.08,-2.34,down
GEOJITFSL,2.07,-1.94,-4.01,down
GFLLIMITED,4.28,-2.25,-6.53,down
GILT5BETA,2.36,0.04,-2.32,down
GLAND,2.48,-0.28,-2.76,down
GLOBALE,1.31,-2.5,-3.81,down
GLOBALPET,1.31,,,flat
GLOBECIVIL,1.33,0.2,-1.1300000000000001,down
GLOBUSSPR,1.37,0.28,-1.09,down
GMDCLTD,2.91,-2.34,-5.25,down
GML,4.62,0.29,-4.33,down
GMMPFAUDLR,14.32,0.76,-13.56,down
GMRP&UI,2.26,-0.35,-2.61,down
GNRL,1.25,-1.4,-2.65,down
GOCOLORS,1.11,-1.8,-2.91,down
GOKUL,1.47,-0.9,-2.37,down
GOLD1,2.42,1.0,-1.42,down
GOLDADD,2.44,0.88,-1.56,down
GOLDAXIS,2.74,0.66,-2.08,down
GOLDBEES,2.59,0.75,-1.8399999999999999,down
GOLDBETA,2.51,0.92,-1.5899999999999999,down
GOLDCASE,2.55,0.82,-1.73,down
GOLDETF,2.4,0.88,-1.52,down
GOLDIAM,3.87,-0.86,-4.73,down
GOLDIETF,2.56,0.65,-1.9100000000000001,down
GOODLUCK,2.44,-1.65,-4.09,down
GOYALSALT,1.11,-1.97,-3.08,down
GRADIENTE,1.13,-3.36,-4.49,down
GRANDOAK,4.77,-1.56,-6.33,down
GRAPHITE,1.82,-1.68,-3.5,down
GRAVITA,1.79,0.76,-1.03,down
GREAVESCOT,2.87,-1.34,-4.21,down
GREENLAM,2.42,0.2,-2.2199999999999998,down
GREENPANEL,1.44,-4.95,-6.390000000000001,down
GRETEX,4.46,,,flat
GROWWCHEM,1.61,-0.71,-2.3200000000000003,down
GROWWDEFNC,2.48,0.51,-1.97,down
GROWWGOLD,2.48,0.76,-1.72,down
GROWWPSUBK,2.61,0.68,-1.9299999999999997,down
GRPLTD,3.28,-1.9,-5.18,down
GRSE,3.67,-0.02,-3.69,down
GSLSU,1.95,-4.01,-5.96,down
GUJENERGY,1.12,-3.74,-4.86,down
GUJTHEM,1.67,-1.64,-3.3099999999999996,down
GULFOILLUB,2.11,-1.25,-3.36,down
HAL,5.92,-0.2,-6.12,down
HALDER,1.64,0.26,-1.38,down
HAPPSTMNDS,1.33,0.38,-0.9500000000000001,down
HARSHA,1.25,0.33,-0.9199999999999999,down
HCG,1.34,-0.39,-1.73,down
HDFCGOLD,2.43,0.8,-1.6300000000000001,down
HEALTHADD,1.63,0.06,-1.5699999999999998,down
HERITGFOOD,6.11,0.91,-5.2,down
HESTERBIO,1.04,-1.65,-2.69,down
HEXATRADEX,2.37,-0.42,-2.79,down
HGINFRA,1.73,-0.57,-2.3,down
HINDCOPPER,2.28,-1.8,-4.08,down
HOLMARC,4.99,,,flat
HOMESFY,1.75,,,flat
HPAL,3.32,-2.82,-6.14,down
HSCL,1.61,-1.1,-2.71,down
HUHTAMAKI,2.06,-5.17,-7.23,down
IBULLSLTD,4.99,-3.51,-8.5,down
ICEMAKE,1.25,-0.95,-2.2,down
ICRA,1.04,-1.6,-2.64,down
IDEAFORGE,5.0,-0.47,-5.47,down
IDENTICAL,6.25,-6.14,-12.39,down
IDFNIFTYET,1.29,-1.37,-2.66,down
IFGLEXPOR,2.65,0.73,-1.92,down
IGARASHI,7.1,-5.8,-12.899999999999999,down
IIFL060326,2.3,-1.86,-4.16,down
IMFA,1.36,-2.51,-3.87,down
INDGN,16.15,0.77,-15.379999999999999,down
INDGN,1.83,0.77,-1.06,down
INDIFRA,4.82,,,flat
INDIGOPNTS,3.47,-0.72,-4.19,down
INDIQUBE,4.63,0.47,-4.16,down
INDOAMIN,2.54,-1.05,-3.59,down
INDOMIM,9.58,-1.3,-10.88,down
INDOTECH,5.0,0.13,-4.87,down
INDPRUD,1.99,-1.89,-3.88,down
INDTERRAIN,1.51,-1.92,-3.4299999999999997,down
INDUSINVIT,3.02,0.68,-2.34,down
INVENTURE,1.1,-2.17,-3.27,down
INVICTA,1.28,-2.66,-3.9400000000000004,down
IOB,1.75,-1.55,-3.3,down
IRCTC,2.0,-0.1,-2.1,down
IRISDOREME,1.01,0.93,-0.07999999999999996,down
IRMENERGY,5.76,0.43,-5.33,down
ITCHOTELS,1.27,-0.25,-1.52,down
ITI,2.01,-1.69,-3.6999999999999997,down
IVZINGOLD,2.47,0.7,-1.7700000000000002,down
J&KBANK,2.31,-0.52,-2.83,down
JAINAM,4.6,-1.67,-6.27,down
JETFREIGHT,1.5,0.48,-1.02,down
JINDALPOLY,1.01,-2.02,-3.0300000000000002,down
JKPAPER,1.03,-0.55,-1.58,down
JMFINANCIL,2.9,-1.79,-4.6899999999999995,down
JNPR,15.43,-3.65,-19.08,down
JOCIL,1.73,-1.71,-3.44,down
JPOLYINVST,2.08,0.04,-2.04,down
JSLL,4.32,-1.02,-5.34,down
JSWDULUX,1.82,-2.12,-3.9400000000000004,down
JUBLINGREA,1.46,-2.21,-3.67,down
JWL,1.26,-0.8,-2.06,down
KABRAEXTRU,5.11,-6.07,-11.18,down
KAMDHENU,1.27,0.37,-0.9,down
KANORICHEM,1.04,-0.91,-1.9500000000000002,down
KAUSHALYA,2.94,-0.77,-3.71,down
KAYTEX,2.0,0.77,-1.23,down
KEEPLEARN,3.57,-3.94,-7.51,down
KHAICHEM,1.67,-2.91,-4.58,down
KHAITANLTD,1.18,-0.57,-1.75,down
KIRIINDUS,4.14,-1.98,-6.119999999999999,down
KNAGRI,1.78,-2.92,-4.7,down
KNRCON,5.56,-0.26,-5.819999999999999,down
KOKUYOCMLN,1.89,-5.49,-7.38,down
KOTHARIPET,3.75,-0.01,-3.76,down
KOTYARK,4.99,0.74,-4.25,down
KPL,3.63,-1.52,-5.15,down
KRISHNADEF,3.23,0.38,-2.85,down
KRITINUT,5.54,-4.28,-9.82,down
KRONOX,3.12,-1.94,-5.0600000000000005,down
KSOLVES,1.16,-1.04,-2.2,down
KUSUMGAR,1.66,-1.53,-3.19,down
KWIL,7.04,0.11,-6.93,down
LAKPRE,2.97,,,flat
LAL,4.14,-0.23,-4.37,down
LALPATHLAB,2.17,0.19,-1.98,down
LATTEYS,3.19,0.15,-3.04,down
LAXMICOT,4.38,0.07,-4.31,down
LCL,3.42,-0.22,-3.64,down
LEMERITE,1.75,-1.6,-3.35,down
LICMFGOLD,2.31,0.98,-1.33,down
LMW,1.61,-0.04,-1.6500000000000001,down
LOKESHMACH,2.0,-0.13,-2.13,down
LORDSCHLO,1.4,-0.35,-1.75,down
LOTUSDEV,1.34,-5.0,-6.34,down
LOYALTEX,2.16,0.22,-1.9400000000000002,down
MAANALU,1.19,-3.36,-4.55,down
MADHUCON,1.74,0.76,-0.98,down
MAFANG,3.49,0.18,-3.31,down
MAGADSUGAR,1.04,-0.92,-1.96,down
MAHICKRA,6.59,,,flat
MAITREYA,1.89,,,flat
MAJESAUT,1.55,-0.67,-2.22,down
MALUPAPER,1.35,-3.17,-4.52,down
MANAKSTEEL,8.35,-4.2,-12.55,down
MANCREDIT,3.04,-4.94,-7.98,down
MANINDS,3.57,0.52,-3.05,down
MANUGRAPH,2.08,-0.49,-2.5700000000000003,down
MAPMYINDIA,2.32,-5.27,-7.59,down
MARKOLINES,1.93,-1.21,-3.1399999999999997,down
MARUSHIKA,2.9,0.0,-2.9,down
MASPTOP50,2.16,-0.49,-2.6500000000000004,down
MAXESTATES,3.53,-3.0,-6.529999999999999,down
MAZDOCK,6.28,-0.6,-6.88,down
MBAPL,2.2,-1.43,-3.63,down
MCX,1.59,-0.08,-1.6700000000000002,down
MDL,4.51,,,flat
MEDANTA,2.41,0.78,-1.6300000000000001,down
MEDIASSIST,1.32,-0.6,-1.92,down
MENNPIS,1.59,-1.7,-3.29,down
MERCURYEV,1.22,-2.18,-3.4000000000000004,down
METALIC,4.5,-4.99,-9.49,down
METROGLOBL,3.85,-0.39,-4.24,down
MFML,1.78,0.57,-1.21,down
MIDHANI,4.35,0.21,-4.14,down
MINDTECK,2.5,-2.27,-4.77,down
MOBILISE,4.41,0.0,-4.41,down
MODEFENCE,3.04,0.63,-2.41,down
MOGOLD,2.35,0.96,-1.3900000000000001,down
MOKSH,5.39,-0.81,-6.199999999999999,down
MOLDTECH,19.35,-3.62,-22.970000000000002,down
MOMETAL,2.25,0.15,-2.1,down
MON100,3.28,-1.01,-4.29,down
MONEYBOXX,1.39,-2.6,-3.99,down
MONOLITH,2.59,0.73,-1.8599999999999999,down
MONQ50,3.06,-1.77,-4.83,down
MSCI360,1.17,0.0,-1.17,down
MSPL,4.63,-4.1,-8.73,down
MUFTI,7.04,-1.62,-8.66,down
MUKTAARTS,3.23,-3.03,-6.26,down
MUTHOOTCAP,1.05,-1.79,-2.84,down
MVELECTRO,46.82,-1.97,-48.79,down
NAHARCAP,3.48,-2.61,-6.09,down
NAVA,2.1,-2.08,-4.18,down
NAVINFLUOR,13.67,-4.38,-18.05,down
NAZARA,1.16,-0.14,-1.2999999999999998,down
NBIFIN,1.25,-1.76,-3.01,down
NEOCHEM,3.42,-3.04,-6.46,down
NETWORK18,1.05,-1.17,-2.2199999999999998,down
NEWJAISA,4.79,-1.22,-6.01,down
NEXTMEDIA,1.28,0.0,-1.28,down
NIBE,1.7,-0.13,-1.83,down
NILAINFRA,1.6,-2.1,-3.7,down
NINSYS,1.89,0.57,-1.3199999999999998,down
NIPPOBATRY,1.96,-1.9,-3.86,down
NIRAJ,1.06,-0.58,-1.6400000000000001,down
NIRMAN,9.76,-6.98,-16.740000000000002,down
NKIND,4.49,-3.25,-7.74,down
NUCLEUS,1.26,-0.04,-1.3,down
NUVOCO,1.95,-2.0,-3.95,down
OAL,1.28,-0.64,-1.92,down
OILIETF,2.04,-0.26,-2.3,down
OLIL,2.08,-0.91,-2.99,down
OMAXAUTO,1.13,-4.92,-6.05,down
OMAXE,1.88,-1.03,-2.91,down
OMFREIGHT,1.85,-1.13,-2.98,down
OMPOWER,2.09,-0.89,-2.98,down
OPTIVALUE,1.94,-1.3,-3.24,down
ORIANA,2.62,-1.32,-3.9400000000000004,down
ORICONENT,1.01,-0.28,-1.29,down
OSWALAGRO,3.68,-5.66,-9.34,down
PAR,2.05,-2.5,-4.55,down
PARAS,1.65,-3.01,-4.66,down
PARASPETRO,3.82,-4.78,-8.6,down
PARKHOSPS,2.6,0.0,-2.6,down
PARTYCRUS,3.86,-3.43,-7.29,down
PATINTLOG,1.65,-2.43,-4.08,down
PAVNAIND,9.59,-4.09,-13.68,down
PDMJEPAPER,2.57,-0.56,-3.13,down
PENINLAND,1.99,-1.95,-3.94,down
PGINVIT,1.1,0.09,-1.01,down
PHOGLOBAL,2.5,,,flat
PIDILITIND,1.26,-1.54,-2.8,down
PINELABS,5.56,-1.03,-6.59,down
PLASTIBLEN,3.94,0.1,-3.84,down
PNBHOUSING,2.53,-0.61,-3.1399999999999997,down
PODDARMENT,2.9,0.21,-2.69,down
POLYCAB,1.25,-1.04,-2.29,down
POONAWALLA,2.1,-2.2,-4.300000000000001,down
POWERMECH,1.71,-0.01,-1.72,down
PPL,2.1,-0.78,-2.88,down
PRAKASH,1.92,0.01,-1.91,down
PRAMARA,1.64,-1.04,-2.6799999999999997,down
PRAVEG,2.02,-4.13,-6.15,down
PRAXIS,8.72,-4.43,-13.15,down
PRECOT,3.12,-4.62,-7.74,down
PRECWIRE,2.31,-1.23,-3.54,down
PREMIUM,2.63,0.0,-2.63,down
PROV,1.12,,,flat
PSPPROJECT,3.09,-1.13,-4.22,down
PSUBANK,1.96,0.55,-1.41,down
PSUBANKADD,2.66,0.61,-2.0500000000000003,down
PSUBNKBEES,2.04,0.7,-1.34,down
PSUBNKIETF,2.29,0.56,-1.73,down
PURPLEUTED,5.0,-2.5,-7.5,down
QGOLDHALF,2.64,0.94,-1.7000000000000002,down
QMSMEDI,2.41,-1.06,-3.47,down
QPOWER,2.73,-2.84,-5.57,down
QUADFUTURE,5.62,-4.37,-9.99,down
RACLGEAR,5.88,0.52,-5.359999999999999,down
RAJMET,1.21,0.3,-0.9099999999999999,down
RAJOOENG,1.47,-0.31,-1.78,down
RAMBHAJO,1.14,-0.74,-1.88,down
RAMCOCEM,1.62,-0.35,-1.9700000000000002,down
RAMKY,3.0,0.38,-2.62,down
RAMRAT,6.94,-1.19,-8.13,down
RAPPID,3.11,-1.76,-4.87,down
RATNAVEER,1.16,0.24,-0.9199999999999999,down
RBS,3.22,-1.61,-4.83,down
REFRACTORY,1.36,-3.07,-4.43,down
REGENCERAM,4.59,-2.54,-7.13,down
RELAXO,2.26,-0.49,-2.75,down
RELCHEMQ,1.91,-0.21,-2.12,down
RELIANCE,3.52,0.74,-2.7800000000000002,down
REPCOHOME,1.39,-2.2,-3.59,down
RHL,2.62,-3.25,-5.87,down
RIIL,1.47,-0.35,-1.8199999999999998,down
RITEZONE,4.72,-4.26,-8.98,down
RKSWAMY,3.15,-1.31,-4.46,down
RMC,5.28,-5.55,-10.83,down
RNPL,1.07,,,flat
ROML,1.3,-0.71,-2.01,down
ROSSTECH,2.4,0.22,-2.1799999999999997,down
ROTO,5.0,-2.65,-7.65,down
RPEL,1.51,-0.86,-2.37,down
RSL,1.6,-0.09,-1.6900000000000002,down
RULKA,3.44,-2.53,-5.97,down
RUPA,3.68,-1.65,-5.33,down
RUSHIL,1.96,-1.93,-3.8899999999999997,down
RVNL,2.62,-0.69,-3.31,down
SAATVIKGL,1.18,-0.94,-2.12,down
SACHEEROME,9.79,0.8,-8.989999999999998,down
SADBHIN,1.54,-0.76,-2.3,down
SAHYADRI,4.85,0.99,-3.8599999999999994,down
SAILIFE,1.38,-3.42,-4.8,down
SAKAR,3.26,0.54,-2.7199999999999998,down
SALSTEEL,4.98,-1.62,-6.6000000000000005,down
SALZERELEC,1.52,-1.14,-2.66,down
SAMHI,1.49,-0.9,-2.39,down
SAMMAANCAP,3.52,-2.42,-5.9399999999999995,down
SANDESH,20.0,-4.49,-24.490000000000002,down
SANGANI,4.65,0.0,-4.65,down
SAPPL,3.4,-2.31,-5.71,down
SAVY,3.69,-2.12,-5.8100000000000005,down
SBFC,1.82,-1.09,-2.91,down
SBIBPB,1.6,0.92,-0.68,down
SBIETFQLTY,1.83,0.38,-1.4500000000000002,down
SCI,2.63,-1.25,-3.88,down
SECMARK,2.14,0.91,-1.23,down
SELMC,1.78,-2.14,-3.92,down
SENSEXAXIS,1.92,-1.2,-3.12,down
SEPC,3.48,-5.5,-8.98,down
SETFGOLD,2.48,0.76,-1.72,down
SETUINFRA,5.0,-2.38,-7.38,down
SEYAIND,1.67,-1.88,-3.55,down
SFML,6.58,-0.43,-7.01,down
SGBAPR28I,2.29,0.66,-1.63,down
SGBAUG27,2.46,0.27,-2.19,down
SGBAUG28V,2.25,0.65,-1.6,down
SGBAUG29V,2.61,0.23,-2.38,down
SGBAUG30,1.94,0.95,-0.99,down
SGBDC27VII,3.26,0.0,-3.26,down
SGBDE30III,2.02,0.58,-1.44,down
SGBDE31III,2.13,0.18,-1.95,down
SGBFEB28IX,2.78,0.29,-2.4899999999999998,down
SGBFEB29XI,1.95,-0.2,-2.15,down
SGBFEB32IV,2.26,-0.07,-2.3299999999999996,down
SGBJ28VIII,2.79,-0.27,-3.06,down
SGBJAN29IX,1.76,0.7,-1.06,down
SGBJUL28IV,1.84,0.79,-1.05,down
SGBJUL29IV,2.21,0.79,-1.42,down
SGBJUN28,2.06,0.57,-1.4900000000000002,down
SGBJUN29II,3.6,0.3,-3.3000000000000003,down
SGBJUN30,1.98,0.41,-1.57,down
SGBJUN31I,1.54,0.43,-1.11,down
SGBMAR28X,2.26,0.81,-1.4499999999999997,down
SGBMAR30X,1.97,0.65,-1.3199999999999998,down
SGBMAR31IV,1.88,0.41,-1.47,down
SGBMAY29I,2.05,0.81,-1.2399999999999998,down
SGBMR29XII,2.2,0.84,-1.3600000000000003,down
SGBNV29VII,2.46,0.78,-1.68,down
SGBSEP27,2.4,0.37,-2.03,down
SGBSEP28VI,2.34,0.78,-1.5599999999999998,down
SGBSEP31II,1.77,0.45,-1.32,down
SGFIN,2.25,-2.17,-4.42,down
SGMART,1.08,-0.11,-1.1900000000000002,down
SHAHALLOYS,1.42,-0.66,-2.08,down
SHAILY,5.99,-6.06,-12.05,down
SHALPAINTS,2.3,-4.2,-6.5,down
SHARDAMOTR,3.64,0.77,-2.87,down
SHEMAROO,1.12,-3.83,-4.95,down
SHERA,1.08,-0.83,-1.9100000000000001,down
SHIVALIK,2.98,-2.01,-4.99,down
SHK,1.92,-0.89,-2.81,down
SHOPERSTOP,3.31,0.13,-3.18,down
SHREEDHAR,4.23,-1.32,-5.550000000000001,down
SHREEJISPG,1.75,-0.07,-1.82,down
SHREEOSFM,5.26,,,flat
SHREEPUSHK,1.99,-4.16,-6.15,down
SHRIKANHA,4.88,0.44,-4.4399999999999995,down
SHRIRAMFIN,1.66,-2.28,-3.9399999999999995,down
SHYAMTEL,2.85,-4.37,-7.220000000000001,down
SICALLOG,4.09,-1.24,-5.33,down
SIGIND,14.06,-3.2,-17.26,down
SIMPLEXINF,2.29,0.59,-1.7000000000000002,down
SINCLAIR,2.43,0.57,-1.8600000000000003,down
SINGERIND,4.31,-1.15,-5.459999999999999,down
SINTERCOM,2.51,-1.4,-3.9099999999999997,down
SIRCA,1.49,-0.01,-1.5,down
SIS,1.24,-0.22,-1.46,down
SKMEGGPROD,2.8,-0.92,-3.7199999999999998,down
SMARTWORKS,2.75,0.37,-2.38,down
SONAL,2.22,-2.61,-4.83,down
SOTL,15.16,-3.26,-18.42,down
SOUTHBANK,1.09,-0.55,-1.6400000000000001,down
SPECTRUM,2.14,-4.96,-7.1,down
SPUNWEB,1.49,0.0,-1.49,down
SRHHYPOLTD,5.02,0.94,-4.08,down
SRM,3.62,-1.58,-5.2,down
STAR,2.76,0.66,-2.0999999999999996,down
STLNETWORK,2.36,0.73,-1.63,down
STOVEKRAFT,5.85,-0.33,-6.18,down
STRIDERS,4.6,-1.16,-5.76,down
STUDDS,1.6,-1.75,-3.35,down
STUDIOLSD,4.05,-2.22,-6.27,down
STYLAMIND,3.7,-1.61,-5.3100000000000005,down
SUBEXLTD,2.61,-2.76,-5.369999999999999,down
SUDARCOLOR,12.38,-1.76,-14.14,down
SUDEEPPHRM,1.59,-1.7,-3.29,down
SUNDRMFAST,5.32,0.49,-4.83,down
SUNFLAG,3.64,0.12,-3.52,down
SUNTECH,1.75,,,flat
SUPERHOUSE,1.2,0.3,-0.8999999999999999,down
SUPERSPIN,1.89,-1.85,-3.74,down
SURANASOL,5.34,-3.8,-9.14,down
SURANI,2.06,0.2,-1.86,down
SURYAROSNI,1.64,0.65,-0.9899999999999999,down
SUTLEJTEX,3.75,-4.7,-8.45,down
SUVIDHAA,2.38,0.39,-1.9899999999999998,down
SYMPHONY,1.19,0.25,-0.94,down
TAJGVK,1.22,-2.36,-3.58,down
TATACAP,2.9,-3.24,-6.140000000000001,down
TATAGOLD,2.42,0.84,-1.58,down
TBI,6.92,-4.97,-11.89,down
TECHD,2.3,-2.13,-4.43,down
THOMASCOOK,1.55,-1.89,-3.44,down
TIMESCAN,2.19,,,flat
TIMKEN,1.02,0.24,-0.78,down
TITAGARH,1.02,-1.65,-2.67,down
TITAN,1.74,-1.14,-2.88,down
TMB,2.19,0.29,-1.9,down
TMCV,2.1,-1.42,-3.52,down
TNPL,2.38,-0.35,-2.73,down
TOKYOPLAST,2.04,0.0,-2.04,down
TOUCHWOOD,1.82,-0.36,-2.18,down
TRF,1.32,0.16,-1.1600000000000001,down
TRITURBINE,3.67,-1.53,-5.2,down
TTKHLTCARE,4.61,-0.85,-5.46,down
TTKPRESTIG,1.36,-3.27,-4.63,down
TWCGOLDETF,2.37,0.94,-1.4300000000000002,down
UCL,1.13,-0.32,-1.45,down
UFBL,4.2,0.41,-3.79,down
UFLEX,1.67,0.99,-0.6799999999999999,down
UGARSUGAR,5.66,-1.6,-7.26,down
UJJIVANSFB,3.53,-2.69,-6.22,down
UNIONBANK,3.81,0.6,-3.21,down
UNIONGOLD,2.54,0.69,-1.85,down
UNOMINDA,2.24,0.55,-1.6900000000000002,down
URAVIDEF,1.71,-3.67,-5.38,down
UTLSOLAR,2.51,-2.67,-5.18,down
UTTAMSUGAR,1.75,-0.8,-2.55,down
VADILALIND,2.31,-1.64,-3.95,down
VAML,2.71,-2.21,-4.92,down
VBL,1.6,-0.45,-2.0500000000000003,down
VEEDOL,3.26,0.5,-2.76,down
VENUSREM,2.52,-1.41,-3.9299999999999997,down
VGUARD,3.87,-0.81,-4.68,down
VHL,4.27,-0.29,-4.56,down
VIDYAWIRES,2.6,0.63,-1.9700000000000002,down
VIJAYPD,1.43,-2.19,-3.62,down
VINATIORGA,1.65,-1.83,-3.48,down
VIPCLOTHNG,1.69,-4.21,-5.9,down
VIPIND,1.52,0.16,-1.36,down
VIPULLTD,4.86,-3.41,-8.27,down
VISDEM,3.43,,,flat
VISHNU,1.02,-1.38,-2.4,down
VLEGOV,1.95,-0.27,-2.2199999999999998,down
VMARCIND,10.89,-3.94,-14.83,down
VOEPL,2.13,-0.54,-2.67,down
VRLLOG,2.03,-1.16,-3.1899999999999995,down
VSTTILLERS,1.39,-1.27,-2.66,down
WAAREEINDO,4.8,-4.99,-9.79,down
WEIZMANIND,3.71,-1.89,-5.6,down
WHIRLPOOL,2.74,-2.08,-4.82,down
YATHARTH,1.53,-0.11,-1.6400000000000001,down
YUKEN,7.21,-0.42,-7.63,down
ZENTEC,3.58,-0.78,-4.36,down
ZTECH,1.24,0.32,-0.9199999999999999,down
