Rank,Symbol,Price,Change %,PE,PB,Score,Score %,Rating,52W High,52W Low,From High,From Low,Volume,Indices,Top Reason,Screened At
1,TIINDIA,"₹2,498.30",+4.54%,11.0x,5.6x,79,79%,STRONG BUY,"₹2,862.04","₹1,033.48",12.7%,+141.7%,2.37M,Auto,✅ Low PE (11.0x) — good value,06-Aug-2026 06:06 AM
2,NTPC,₹361.90,+2.80%,17.8x,4.0x,76,76%,STRONG BUY,₹376.78,₹209.02,3.9%,+73.1%,12.68M,Power,✅ Fair PE (17.8x),06-Aug-2026 06:06 AM
3,JSWSTEEL,"₹4,918.71",+2.63%,13.3x,4.3x,72,72%,BUY,"₹5,401.25","₹2,988.98",8.9%,+64.6%,17.76M,Steel,✅ Low PE (13.3x) — good value,06-Aug-2026 06:06 AM
4,ATGL,"₹5,659.08",+1.63%,12.7x,4.8x,71,71%,BUY,"₹6,435.17","₹2,933.97",12.1%,+92.9%,11.42M,Energy,✅ Low PE (12.7x) — good value,06-Aug-2026 06:06 AM
5,APOLLOTYRE,"₹6,024.03",+3.08%,31.1x,5.0x,68,68%,BUY,"₹6,334.94","₹2,216.28",4.9%,+171.8%,26.68M,Auto,❌ High PE (31.1x),06-Aug-2026 06:06 AM
6,ONGC,"₹5,074.10",+1.24%,14.3x,1.5x,68,68%,BUY,"₹6,423.06","₹2,737.34",21.0%,+85.4%,1.09M,Energy,✅ Low PE (14.3x) — good value,06-Aug-2026 06:06 AM
7,HOMEFIRST,"₹5,539.93",+4.29%,26.0x,5.7x,67,67%,BUY,"₹6,560.83","₹2,767.71",15.6%,+100.2%,16.85M,NBFC,⚠️  Moderate PE (26.0x),06-Aug-2026 06:06 AM
8,AMBUJACEM,"₹5,527.76",+2.62%,25.9x,1.0x,67,67%,BUY,"₹6,977.50","₹2,762.99",20.8%,+100.1%,22.63M,Cement,⚠️  Moderate PE (25.9x),06-Aug-2026 06:06 AM
9,POONAWALLA,"₹3,770.73",+1.46%,24.0x,7.1x,66,66%,BUY,"₹3,899.46","₹1,911.00",3.3%,+97.3%,2.52M,NBFC,⚠️  Moderate PE (24.0x),06-Aug-2026 06:06 AM
10,REPCO,₹584.68,+1.96%,15.8x,1.6x,66,66%,BUY,₹698.16,₹314.80,16.3%,+85.7%,28.31M,NBFC,✅ Fair PE (15.8x),06-Aug-2026 06:06 AM
11,SBIN,₹831.80,+1.49%,18.0x,5.8x,65,65%,BUY,₹956.86,₹380.02,13.1%,+118.9%,4.66M,Banking,✅ Fair PE (18.0x),06-Aug-2026 06:06 AM
12,COLPAL,"₹4,919.38",+1.80%,32.0x,2.7x,65,65%,BUY,"₹5,206.15","₹2,322.25",5.5%,+111.8%,26.22M,FMCG,❌ High PE (32.0x),06-Aug-2026 06:06 AM
13,DLF,"₹5,120.07",+5.32%,32.2x,3.1x,65,65%,BUY,"₹5,978.84","₹2,982.77",14.4%,+71.7%,16.18M,Real Estate,❌ High PE (32.2x),06-Aug-2026 06:06 AM
14,NESCO,"₹6,069.04",+2.69%,50.9x,2.7x,64,64%,BUY,"₹6,762.41","₹2,436.15",10.3%,+149.1%,25.53M,Real Estate,❌ High PE (50.9x),06-Aug-2026 06:06 AM
15,PNB,"₹4,651.96",+2.84%,10.2x,2.9x,63,63%,BUY,"₹5,909.48","₹3,315.21",21.3%,+40.3%,5.62M,Banking,✅ Low PE (10.2x) — good value,06-Aug-2026 06:06 AM
16,CIPLA,"₹5,421.19",+3.14%,27.7x,7.3x,63,63%,BUY,"₹6,371.65","₹3,490.80",14.9%,+55.3%,24.94M,Pharma,⚠️  Moderate PE (27.7x),06-Aug-2026 06:06 AM
17,MCDOWELL-N,"₹7,030.21",+5.52%,58.0x,6.6x,63,63%,BUY,"₹7,808.83","₹4,069.12",10.0%,+72.8%,27.69M,FMCG,❌ High PE (58.0x),06-Aug-2026 06:06 AM
18,NATIONALUM,"₹4,281.31",-0.71%,11.8x,0.8x,63,63%,BUY,"₹5,089.63","₹1,952.43",15.9%,+119.3%,16.93M,Steel,✅ Low PE (11.8x) — good value,06-Aug-2026 06:06 AM
19,BANKBARODA,"₹5,136.59",-0.29%,8.7x,7.7x,62,62%,BUY,"₹5,553.89","₹3,013.17",7.5%,+70.5%,4.11M,Banking,✅ Very low PE (8.7x) — deep value!,06-Aug-2026 06:06 AM
20,GLENMARK,"₹1,794.11",+5.25%,25.8x,1.8x,62,62%,BUY,"₹2,556.13","₹1,163.46",29.8%,+54.2%,27.10M,Pharma,⚠️  Moderate PE (25.8x),06-Aug-2026 06:06 AM
21,CESC,₹978.01,-0.64%,12.2x,2.0x,62,62%,BUY,"₹1,000.28",₹694.00,2.2%,+40.9%,27.84M,Power,✅ Low PE (12.2x) — good value,06-Aug-2026 06:06 AM
22,NBCC,"₹4,893.74",+1.18%,16.3x,6.9x,62,62%,BUY,"₹5,915.93","₹2,709.43",17.3%,+80.6%,21.43M,Infra,✅ Fair PE (16.3x),06-Aug-2026 06:06 AM
23,ACC,"₹2,774.83",+2.37%,40.1x,8.0x,62,62%,BUY,"₹3,257.60","₹1,096.05",14.8%,+153.2%,21.03M,Cement,❌ High PE (40.1x),06-Aug-2026 06:06 AM
24,TATACHEM,"₹4,837.17",+1.00%,20.9x,0.9x,62,62%,BUY,"₹6,172.24","₹2,483.88",21.6%,+94.7%,5.05M,Chemical,⚠️  Moderate PE (20.9x),06-Aug-2026 06:06 AM
25,ATUL,"₹1,513.00",+3.93%,20.2x,2.0x,62,62%,BUY,"₹1,607.24","₹1,217.61",5.9%,+24.3%,12.84M,Chemical,⚠️  Moderate PE (20.2x),06-Aug-2026 06:06 AM
26,TVSMOTOR,"₹4,909.99",+1.10%,11.3x,6.5x,61,61%,BUY,"₹5,510.57","₹3,275.97",10.9%,+49.9%,25.71M,Auto,✅ Low PE (11.3x) — good value,06-Aug-2026 06:06 AM
27,MARICO,"₹1,707.96",+4.47%,63.5x,1.7x,61,61%,BUY,"₹2,324.46",₹924.13,26.5%,+84.8%,9.08M,FMCG,❌ High PE (63.5x),06-Aug-2026 06:06 AM
28,RELIANCE,"₹2,566.21",+2.86%,12.5x,0.5x,61,61%,BUY,"₹3,975.08","₹1,926.10",35.4%,+33.2%,29.82M,Energy,✅ Low PE (12.5x) — good value,06-Aug-2026 06:06 AM
29,ALKEM,"₹4,433.66",+2.76%,28.9x,3.6x,60,60%,BUY,"₹5,308.94","₹2,664.60",16.5%,+66.4%,28.86M,Pharma,⚠️  Moderate PE (28.9x),06-Aug-2026 06:06 AM
30,BPCL,"₹1,191.22",+4.20%,8.9x,6.4x,60,60%,BUY,"₹1,523.41","₹1,057.69",21.8%,+12.6%,10.89M,Energy,✅ Very low PE (8.9x) — deep value!,06-Aug-2026 06:06 AM
31,GAIL,"₹3,676.52",+3.23%,7.7x,6.8x,60,60%,BUY,"₹4,825.33","₹2,973.45",23.8%,+23.6%,19.79M,Energy,✅ Very low PE (7.7x) — deep value!,06-Aug-2026 06:06 AM
32,HG,"₹1,702.97",+2.77%,15.6x,2.3x,60,60%,BUY,"₹2,285.52",₹994.56,25.5%,+71.2%,7.77M,Infra,✅ Fair PE (15.6x),06-Aug-2026 06:06 AM
33,WIPRO,"₹1,570.07",+6.71%,22.4x,3.7x,59,59%,WATCH,"₹1,977.77","₹1,152.88",20.6%,+36.2%,20.70M,IT,⚠️  Moderate PE (22.4x),06-Aug-2026 06:06 AM
34,SHREECEM,"₹3,446.79",+4.09%,48.0x,2.8x,59,59%,WATCH,"₹3,766.07","₹2,567.85",8.5%,+34.2%,9.30M,Cement,❌ High PE (48.0x),06-Aug-2026 06:06 AM
35,BANDHANBNK,"₹6,046.46",-3.81%,12.1x,7.3x,58,58%,WATCH,"₹6,299.01","₹3,996.95",4.0%,+51.3%,19.70M,Banking,✅ Low PE (12.1x) — good value,06-Aug-2026 06:06 AM
36,TATAPOWER,"₹5,126.71",+1.80%,17.1x,0.7x,58,58%,WATCH,"₹8,262.41","₹3,065.79",38.0%,+67.2%,22.37M,Power,✅ Fair PE (17.1x),06-Aug-2026 06:06 AM
37,NHPC,"₹1,310.96",-0.58%,17.0x,3.9x,58,58%,WATCH,"₹1,386.32",₹785.52,5.4%,+66.9%,19.59M,Power,✅ Fair PE (17.0x),06-Aug-2026 06:06 AM
38,TEJAS,"₹5,433.61",+3.38%,28.6x,7.5x,58,58%,WATCH,"₹7,011.58","₹3,603.32",22.5%,+50.8%,10.37M,Telecom,⚠️  Moderate PE (28.6x),06-Aug-2026 06:06 AM
39,EICHERMOT,"₹5,263.55",+0.11%,22.3x,5.2x,57,57%,WATCH,"₹6,160.13","₹2,862.44",14.6%,+83.9%,21.47M,Auto,⚠️  Moderate PE (22.3x),06-Aug-2026 06:06 AM
40,DIVISLAB,₹697.50,+1.26%,25.9x,1.6x,57,57%,WATCH,₹732.03,₹536.86,4.7%,+29.9%,23.29M,Pharma,⚠️  Moderate PE (25.9x),06-Aug-2026 06:06 AM
41,CHOLAFIN,"₹1,574.75",+1.00%,23.9x,7.4x,57,57%,WATCH,"₹1,880.75",₹659.97,16.3%,+138.6%,15.09M,NBFC,⚠️  Moderate PE (23.9x),06-Aug-2026 06:06 AM
42,BIRLACORPN,₹319.09,+1.19%,27.5x,1.4x,57,57%,WATCH,₹345.47,₹274.16,7.6%,+16.4%,22.43M,Cement,⚠️  Moderate PE (27.5x),06-Aug-2026 06:06 AM
43,FEDERALBNK,"₹3,826.95",+0.31%,13.2x,2.0x,56,56%,WATCH,"₹4,867.03","₹2,397.47",21.4%,+59.6%,12.79M,Banking,✅ Low PE (13.2x) — good value,06-Aug-2026 06:06 AM
44,CANBK,"₹3,111.99",-1.03%,15.6x,4.5x,56,56%,WATCH,"₹3,209.45","₹1,986.69",3.0%,+56.6%,29.98M,Banking,✅ Fair PE (15.6x),06-Aug-2026 06:06 AM
45,NMDC,"₹4,101.28",-1.64%,15.7x,2.5x,56,56%,WATCH,"₹4,661.34","₹2,009.10",12.0%,+104.1%,8.34M,Steel,✅ Fair PE (15.7x),06-Aug-2026 06:06 AM
46,INDUSINDBK,"₹1,211.00",+0.92%,19.4x,1.4x,55,55%,WATCH,"₹2,196.92",₹767.13,44.9%,+57.9%,2.31M,Banking,✅ Fair PE (19.4x),06-Aug-2026 06:06 AM
47,BRITANNIA,"₹1,537.95",+4.74%,53.5x,2.8x,55,55%,WATCH,"₹2,966.95",₹978.28,48.2%,+57.2%,26.06M,FMCG,❌ High PE (53.5x),06-Aug-2026 06:06 AM
48,LTFH,"₹1,650.73",+0.74%,21.6x,3.5x,55,55%,WATCH,"₹2,175.16","₹1,069.23",24.1%,+54.4%,20.29M,NBFC,⚠️  Moderate PE (21.6x),06-Aug-2026 06:06 AM
49,RAMCOCEM,"₹6,648.53",+0.76%,29.4x,2.4x,55,55%,WATCH,"₹8,345.72","₹3,731.31",20.3%,+78.2%,15.37M,Cement,⚠️  Moderate PE (29.4x),06-Aug-2026 06:06 AM
50,AXISBANK,₹252.27,+8.52%,24.0x,2.1x,54,54%,WATCH,₹355.21,₹173.74,29.0%,+45.2%,13.31M,Banking,⚠️  Moderate PE (24.0x),06-Aug-2026 06:06 AM
51,MARUTI,"₹4,722.23",-1.90%,26.7x,0.9x,54,54%,WATCH,"₹5,235.48","₹2,552.79",9.8%,+85.0%,22.86M,Auto,⚠️  Moderate PE (26.7x),06-Aug-2026 06:06 AM
52,NESTLEIND,"₹1,857.30",+1.01%,44.7x,2.9x,54,54%,WATCH,"₹2,388.07","₹1,006.52",22.2%,+84.5%,17.62M,FMCG,❌ High PE (44.7x),06-Aug-2026 06:06 AM
53,TORNTPOWER,"₹5,483.30",-0.24%,19.6x,6.1x,54,54%,WATCH,"₹6,328.20","₹2,454.03",13.4%,+123.4%,16.09M,Power,✅ Fair PE (19.6x),06-Aug-2026 06:06 AM
54,KNRCON,₹538.07,+0.78%,18.9x,3.9x,54,54%,WATCH,₹629.37,₹453.05,14.5%,+18.8%,18.34M,Infra,✅ Fair PE (18.9x),06-Aug-2026 06:06 AM
55,PNCINFRA,₹234.08,-4.43%,27.7x,0.7x,54,54%,WATCH,₹243.73,₹137.51,4.0%,+70.2%,28.49M,Infra,⚠️  Moderate PE (27.7x),06-Aug-2026 06:06 AM
56,VBL,"₹2,692.35",+0.24%,43.8x,7.2x,53,53%,WATCH,"₹2,831.68","₹1,164.69",4.9%,+131.2%,6.86M,FMCG,❌ High PE (43.8x),06-Aug-2026 06:06 AM
57,RATNAMANI,"₹3,739.65",+2.52%,24.6x,5.0x,53,53%,WATCH,"₹6,061.70","₹2,322.18",38.3%,+61.0%,23.90M,Steel,⚠️  Moderate PE (24.6x),06-Aug-2026 06:06 AM
58,GALLANTT,"₹2,473.38",-0.48%,10.2x,5.3x,53,53%,WATCH,"₹3,019.07","₹1,221.37",18.1%,+102.5%,26.16M,Steel,✅ Low PE (10.2x) — good value,06-Aug-2026 06:06 AM
59,IRCON,"₹4,125.91",+0.79%,38.1x,0.7x,53,53%,WATCH,"₹5,317.31","₹2,525.38",22.4%,+63.4%,21.53M,Infra,❌ High PE (38.1x),06-Aug-2026 06:06 AM
60,CREDITACC,"₹1,637.38",+0.45%,20.0x,7.5x,53,53%,WATCH,"₹2,178.72","₹1,051.78",24.8%,+55.7%,19.30M,NBFC,✅ Fair PE (20.0x),06-Aug-2026 06:06 AM
61,IOB,"₹4,419.33",+0.86%,18.4x,5.4x,52,52%,WATCH,"₹5,836.53","₹3,311.03",24.3%,+33.5%,10.52M,Banking,✅ Fair PE (18.4x),06-Aug-2026 06:06 AM
62,MRF,"₹1,109.24",-4.02%,12.1x,5.7x,52,52%,WATCH,"₹1,257.48",₹705.10,11.8%,+57.3%,28.63M,Auto,✅ Low PE (12.1x) — good value,06-Aug-2026 06:06 AM
63,GRANULES,"₹1,457.03",+4.66%,44.4x,0.6x,52,52%,WATCH,"₹3,719.56","₹1,109.39",60.8%,+31.3%,16.00M,Pharma,❌ High PE (44.4x),06-Aug-2026 06:06 AM
64,HINDPETRO,₹741.40,-2.89%,14.7x,4.1x,52,52%,WATCH,₹775.36,₹545.98,4.4%,+35.8%,24.90M,Energy,✅ Low PE (14.7x) — good value,06-Aug-2026 06:06 AM
65,HEIDELBERG,"₹3,640.62",+1.41%,37.8x,6.6x,52,52%,WATCH,"₹4,494.19","₹1,790.81",19.0%,+103.3%,29.00M,Cement,❌ High PE (37.8x),06-Aug-2026 06:06 AM
66,POWERGRID,"₹2,236.83",+4.66%,24.5x,7.7x,52,52%,WATCH,"₹3,154.42","₹1,588.65",29.1%,+40.8%,23.46M,Power,⚠️  Moderate PE (24.5x),06-Aug-2026 06:06 AM
67,BHARTIARTL,"₹4,606.76",+2.07%,35.8x,6.6x,52,52%,WATCH,"₹5,398.01","₹3,120.07",14.7%,+47.6%,10.96M,Telecom,❌ High PE (35.8x),06-Aug-2026 06:06 AM
68,TRENT,"₹2,374.61",+3.90%,56.5x,5.7x,52,52%,WATCH,"₹4,001.56","₹1,271.22",40.7%,+86.8%,11.42M,Retail,❌ High PE (56.5x),06-Aug-2026 06:06 AM
69,PRESTIGE,"₹1,387.72",+3.79%,55.6x,6.1x,52,52%,WATCH,"₹1,629.04","₹1,065.92",14.8%,+30.2%,25.82M,Real Estate,❌ High PE (55.6x),06-Aug-2026 06:06 AM
70,HDFCBANK,₹253.79,-4.90%,13.0x,3.4x,51,51%,WATCH,₹304.31,₹128.64,16.6%,+97.3%,1.69M,Banking,✅ Low PE (13.0x) — good value,06-Aug-2026 06:06 AM
71,TATAMOTORS,"₹4,846.59",+0.14%,15.3x,6.4x,51,51%,WATCH,"₹5,969.63","₹2,954.55",18.8%,+64.0%,4.93M,Auto,✅ Fair PE (15.3x),06-Aug-2026 06:06 AM
72,LUPIN,"₹5,588.33",-0.14%,37.2x,6.8x,51,51%,WATCH,"₹5,964.26","₹3,113.82",6.3%,+79.5%,29.08M,Pharma,❌ High PE (37.2x),06-Aug-2026 06:06 AM
73,HINDZINC,₹640.78,-0.16%,23.7x,4.0x,51,51%,WATCH,₹722.64,₹285.15,11.3%,+124.7%,13.34M,Steel,⚠️  Moderate PE (23.7x),06-Aug-2026 06:06 AM
74,APL,"₹3,246.69",-3.21%,8.4x,5.8x,51,51%,WATCH,"₹4,015.84","₹1,894.00",19.2%,+71.4%,12.00M,Steel,✅ Very low PE (8.4x) — deep value!,06-Aug-2026 06:06 AM
75,MOIL,"₹1,765.25",+2.67%,24.5x,1.6x,51,51%,WATCH,"₹2,301.55","₹1,470.06",23.3%,+20.1%,26.14M,Steel,⚠️  Moderate PE (24.5x),06-Aug-2026 06:06 AM
76,WELCORP,"₹6,208.33",-0.16%,22.6x,5.9x,50,50%,WATCH,"₹6,817.94","₹3,806.54",8.9%,+63.1%,28.55M,Steel,⚠️  Moderate PE (22.6x),06-Aug-2026 06:06 AM
77,KEC,"₹3,190.98",-0.69%,33.0x,5.6x,50,50%,WATCH,"₹3,328.90","₹1,550.65",4.1%,+105.8%,22.22M,Infra,❌ High PE (33.0x),06-Aug-2026 06:06 AM
78,SHOPERSTOP,"₹2,079.57",-1.94%,58.8x,6.3x,50,50%,WATCH,"₹2,164.47",₹870.19,3.9%,+139.0%,26.52M,Retail,❌ High PE (58.8x),06-Aug-2026 06:06 AM
79,OBEROIRLTY,"₹3,137.90",-3.08%,50.0x,2.1x,50,50%,WATCH,"₹3,254.43","₹1,313.82",3.6%,+138.8%,19.98M,Real Estate,❌ High PE (50.0x),06-Aug-2026 06:06 AM
80,NATCOPHARM,₹170.56,-0.67%,38.4x,1.4x,49,49%,WATCH,₹181.01,₹75.29,5.8%,+126.5%,746.7K,Pharma,❌ High PE (38.4x),06-Aug-2026 06:06 AM
81,RVNL,"₹2,255.67",+2.34%,29.3x,3.8x,49,49%,WATCH,"₹3,150.67","₹1,637.65",28.4%,+37.7%,25.32M,Infra,⚠️  Moderate PE (29.3x),06-Aug-2026 06:06 AM
82,IDEA,"₹1,147.16",+4.31%,34.1x,3.6x,49,49%,WATCH,"₹1,571.42",₹772.96,27.0%,+48.4%,18.75M,Telecom,❌ High PE (34.1x),06-Aug-2026 06:06 AM
83,VINDHYATEL,"₹2,443.17",+2.76%,39.2x,7.5x,48,48%,WATCH,"₹3,737.76","₹1,623.12",34.6%,+50.5%,5.04M,Telecom,❌ High PE (39.2x),06-Aug-2026 06:06 AM
84,BAJAJFINSV,"₹4,218.16",-1.34%,18.5x,3.3x,47,47%,WATCH,"₹4,797.72","₹2,510.52",12.1%,+68.0%,629.6K,NBFC,✅ Fair PE (18.5x),06-Aug-2026 06:06 AM
85,RAILTEL,"₹2,999.43",+3.56%,69.0x,0.8x,47,47%,WATCH,"₹4,315.95","₹2,032.77",30.5%,+47.6%,14.01M,Telecom,❌ High PE (69.0x),06-Aug-2026 06:06 AM
86,HINDUNILVR,₹228.34,+2.23%,42.8x,1.1x,46,46%,WATCH,₹369.30,₹168.32,38.2%,+35.7%,25.28M,FMCG,❌ High PE (42.8x),06-Aug-2026 06:06 AM
87,ADANIGREEN,"₹5,234.14",-4.21%,19.0x,7.8x,46,46%,WATCH,"₹5,790.92","₹3,254.47",9.6%,+60.8%,1.89M,Power,✅ Fair PE (19.0x),06-Aug-2026 06:06 AM
88,TORNTPHARM,"₹3,692.89",-0.50%,25.9x,0.7x,45,45%,WATCH,"₹4,785.28","₹2,225.52",22.8%,+65.9%,28.99M,Pharma,⚠️  Moderate PE (25.9x),06-Aug-2026 06:06 AM
89,ASHOKA,"₹3,624.83",-2.47%,17.9x,2.2x,45,45%,WATCH,"₹4,730.23","₹2,249.43",23.4%,+61.1%,7.29M,Infra,✅ Fair PE (17.9x),06-Aug-2026 06:06 AM
90,SJVN,₹940.78,+0.26%,21.8x,2.6x,45,45%,WATCH,"₹1,125.53",₹611.34,16.4%,+53.9%,16.73M,Power,⚠️  Moderate PE (21.8x),06-Aug-2026 06:06 AM
91,MAHABANK,"₹2,072.74",+0.54%,20.9x,4.0x,44,44%,AVOID,"₹3,695.04","₹1,560.06",43.9%,+32.9%,10.88M,Banking,⚠️  Moderate PE (20.9x),06-Aug-2026 06:06 AM
92,COFORGE,"₹4,184.85",+0.56%,34.8x,3.3x,44,44%,AVOID,"₹5,651.34","₹1,738.22",25.9%,+140.8%,18.02M,IT,❌ High PE (34.8x),06-Aug-2026 06:06 AM
93,M&M,"₹2,756.00",-3.00%,23.6x,2.9x,44,44%,AVOID,"₹3,256.65","₹1,285.06",15.4%,+114.5%,14.53M,Auto,⚠️  Moderate PE (23.6x),06-Aug-2026 06:06 AM
94,MOTHERSON,"₹3,552.03",+1.38%,20.5x,3.9x,44,44%,AVOID,"₹5,297.88","₹2,402.48",33.0%,+47.8%,28.17M,Auto,⚠️  Moderate PE (20.5x),06-Aug-2026 06:06 AM
95,IGL,"₹3,055.95",-0.26%,19.7x,7.4x,44,44%,AVOID,"₹4,521.67","₹1,696.60",32.4%,+80.1%,14.84M,Energy,✅ Fair PE (19.7x),06-Aug-2026 06:06 AM
96,TATASTEEL,"₹4,115.21",+1.78%,24.4x,2.5x,44,44%,AVOID,"₹5,332.60","₹3,525.84",22.8%,+16.7%,10.16M,Steel,⚠️  Moderate PE (24.4x),06-Aug-2026 06:06 AM
97,ADANIPORTS,"₹1,477.46",-1.04%,24.1x,7.8x,44,44%,AVOID,"₹1,839.48",₹583.76,19.7%,+153.1%,11.46M,Infra,⚠️  Moderate PE (24.1x),06-Aug-2026 06:06 AM
98,NCC,"₹1,683.32",-0.72%,20.3x,3.9x,44,44%,AVOID,"₹2,039.73",₹892.46,17.5%,+88.6%,4.21M,Infra,⚠️  Moderate PE (20.3x),06-Aug-2026 06:06 AM
99,CANFINHOME,"₹2,847.15",-5.65%,13.1x,3.5x,43,43%,AVOID,"₹3,639.26","₹1,949.37",21.8%,+46.1%,22.03M,NBFC,✅ Low PE (13.1x) — good value,06-Aug-2026 06:06 AM
100,ITI,"₹1,954.70",+0.88%,73.9x,5.7x,43,43%,AVOID,"₹3,073.00","₹1,141.80",36.4%,+71.2%,27.67M,Telecom,❌ High PE (73.9x),06-Aug-2026 06:06 AM
101,DEEPAKNTR,"₹3,365.69",+1.75%,30.5x,6.9x,43,43%,AVOID,"₹6,086.06","₹1,887.74",44.7%,+78.3%,10.26M,Chemical,❌ High PE (30.5x),06-Aug-2026 06:06 AM
102,OFSS,₹701.02,+2.31%,24.2x,4.6x,42,42%,AVOID,₹923.07,₹619.33,24.1%,+13.2%,6.25M,IT,⚠️  Moderate PE (24.2x),06-Aug-2026 06:06 AM
103,ZENSAR,₹159.66,+0.86%,38.3x,7.7x,42,42%,AVOID,₹179.51,₹109.25,11.1%,+46.1%,739.0K,IT,❌ High PE (38.3x),06-Aug-2026 06:06 AM
104,ZYDUSWELL,"₹2,357.95",-1.24%,47.7x,3.7x,42,42%,AVOID,"₹2,640.92","₹1,387.98",10.7%,+69.9%,7.86M,FMCG,❌ High PE (47.7x),06-Aug-2026 06:06 AM
105,MANAPPURAM,₹904.73,+3.50%,27.9x,4.5x,42,42%,AVOID,"₹1,481.91",₹771.64,38.9%,+17.2%,28.07M,NBFC,⚠️  Moderate PE (27.9x),06-Aug-2026 06:06 AM
106,GTLINFRA,"₹2,916.26",+4.03%,25.2x,7.0x,42,42%,AVOID,"₹4,312.93","₹2,690.36",32.4%,+8.4%,10.75M,Telecom,⚠️  Moderate PE (25.2x),06-Aug-2026 06:06 AM
107,BATA,₹458.12,+3.47%,67.1x,3.0x,42,42%,AVOID,₹936.79,₹337.20,51.1%,+35.9%,4.92M,Retail,❌ High PE (67.1x),06-Aug-2026 06:06 AM
108,PHOENIXLTD,"₹2,595.07",+2.63%,35.5x,4.6x,42,42%,AVOID,"₹3,953.60","₹1,823.05",34.4%,+42.3%,9.05M,Real Estate,❌ High PE (35.5x),06-Aug-2026 06:06 AM
109,MAHLIFE,"₹4,611.57",+0.47%,58.0x,5.7x,42,42%,AVOID,"₹6,668.24","₹2,165.39",30.8%,+113.0%,26.67M,Real Estate,❌ High PE (58.0x),06-Aug-2026 06:06 AM
110,SUNTECK,₹500.28,+3.78%,42.3x,5.0x,42,42%,AVOID,₹721.59,₹373.06,30.7%,+34.1%,28.06M,Real Estate,❌ High PE (42.3x),06-Aug-2026 06:06 AM
111,ICICIBANK,"₹4,501.55",-0.04%,9.2x,1.1x,41,41%,AVOID,"₹7,991.94","₹3,021.38",43.7%,+49.0%,707.8K,Banking,✅ Very low PE (9.2x) — deep value!,06-Aug-2026 06:06 AM
112,EMAMILTD,"₹1,293.39",+2.83%,33.5x,1.3x,41,41%,AVOID,"₹2,062.22","₹1,080.00",37.3%,+19.8%,6.16M,FMCG,❌ High PE (33.5x),06-Aug-2026 06:06 AM
113,RELAXO,₹637.90,+0.92%,43.3x,1.3x,41,41%,AVOID,"₹1,172.73",₹455.74,45.6%,+40.0%,26.31M,Retail,❌ High PE (43.3x),06-Aug-2026 06:06 AM
114,BRIGADE,"₹4,208.08",+1.28%,46.2x,1.0x,40,40%,AVOID,"₹5,986.31","₹3,068.82",29.7%,+37.1%,1.58M,Real Estate,❌ High PE (46.2x),06-Aug-2026 06:06 AM
115,HCLTECH,"₹2,302.17",-0.34%,35.4x,1.4x,39,39%,AVOID,"₹2,862.40","₹1,466.92",19.6%,+56.9%,15.10M,IT,❌ High PE (35.4x),06-Aug-2026 06:06 AM
116,TATAELXSI,"₹1,248.48",+2.50%,39.3x,2.6x,39,39%,AVOID,"₹2,572.38","₹1,076.89",51.5%,+15.9%,7.39M,IT,❌ High PE (39.3x),06-Aug-2026 06:06 AM
117,ABFRL,"₹2,573.83",-3.77%,59.8x,2.6x,39,39%,AVOID,"₹3,179.32","₹1,218.31",19.0%,+111.3%,10.19M,Retail,❌ High PE (59.8x),06-Aug-2026 06:06 AM
118,AAPL,"₹1,100.45",-3.50%,32.7x,3.1x,39,39%,AVOID,"₹1,394.97",₹423.33,21.1%,+160.0%,18.37M,Chemical,❌ High PE (32.7x),06-Aug-2026 06:06 AM
119,TCS,₹593.61,-2.52%,20.5x,3.3x,38,38%,AVOID,₹704.48,₹336.81,15.7%,+76.2%,4.28M,IT,⚠️  Moderate PE (20.5x),06-Aug-2026 06:06 AM
120,SAIL,"₹2,417.65",+0.36%,13.8x,3.4x,38,38%,AVOID,"₹5,023.27","₹1,969.59",51.9%,+22.7%,24.42M,Steel,✅ Low PE (13.8x) — good value,06-Aug-2026 06:06 AM
121,NAVINFLUOR,"₹1,541.17",-3.43%,37.0x,6.6x,38,38%,AVOID,"₹1,652.36","₹1,092.74",6.7%,+41.0%,12.18M,Chemical,❌ High PE (37.0x),06-Aug-2026 06:06 AM
122,LAURUSLABS,"₹4,400.37",+3.69%,44.1x,5.5x,37,37%,AVOID,"₹7,442.41","₹3,669.95",40.9%,+19.9%,8.77M,Pharma,❌ High PE (44.1x),06-Aug-2026 06:06 AM
123,TATACOMM,₹487.76,-0.28%,22.8x,1.0x,37,37%,AVOID,₹545.68,₹420.45,10.6%,+16.0%,3.44M,Telecom,⚠️  Moderate PE (22.8x),06-Aug-2026 06:06 AM
124,CAMPUS,"₹3,263.82",-1.12%,68.3x,3.2x,37,37%,AVOID,"₹4,300.35","₹2,112.96",24.1%,+54.5%,7.64M,Retail,❌ High PE (68.3x),06-Aug-2026 06:06 AM
125,BAJAJ-AUTO,₹835.96,-2.18%,14.0x,0.7x,36,36%,AVOID,"₹1,572.19",₹699.79,46.8%,+19.5%,11.31M,Auto,✅ Low PE (14.0x) — good value,06-Aug-2026 06:06 AM
126,IPCALAB,₹490.70,-0.43%,20.8x,3.7x,36,36%,AVOID,₹971.26,₹358.94,49.5%,+36.7%,20.05M,Pharma,⚠️  Moderate PE (20.8x),06-Aug-2026 06:06 AM
127,APTUS,"₹3,322.71",+0.82%,19.2x,1.9x,36,36%,AVOID,"₹6,322.94","₹2,891.49",47.4%,+14.9%,6.81M,NBFC,✅ Fair PE (19.2x),06-Aug-2026 06:06 AM
128,DALMIACEMEN,"₹1,715.46",+0.56%,44.8x,2.0x,36,36%,AVOID,"₹2,267.03","₹1,495.78",24.3%,+14.7%,21.45M,Cement,❌ High PE (44.8x),06-Aug-2026 06:06 AM
129,PRISM,"₹2,100.85",+1.42%,49.2x,1.6x,36,36%,AVOID,"₹3,633.40","₹1,725.16",42.2%,+21.8%,13.34M,Cement,❌ High PE (49.2x),06-Aug-2026 06:06 AM
130,RPOWER,"₹3,047.17",-0.30%,16.0x,2.6x,36,36%,AVOID,"₹5,099.93","₹2,176.96",40.3%,+40.0%,17.72M,Power,✅ Fair PE (16.0x),06-Aug-2026 06:06 AM
131,UNITDSPR,"₹1,473.23",+1.89%,47.5x,5.4x,35,35%,AVOID,"₹1,914.72","₹1,220.26",23.1%,+20.7%,4.11M,FMCG,❌ High PE (47.5x),06-Aug-2026 06:06 AM
132,AAVAS,"₹4,386.67",-2.92%,27.0x,3.7x,35,35%,AVOID,"₹6,137.63","₹2,524.67",28.5%,+73.8%,14.18M,NBFC,⚠️  Moderate PE (27.0x),06-Aug-2026 06:06 AM
133,PCBL,₹749.21,-2.29%,24.3x,3.3x,35,35%,AVOID,"₹1,430.47",₹477.15,47.6%,+57.0%,17.47M,Chemical,⚠️  Moderate PE (24.3x),06-Aug-2026 06:06 AM
134,UNIONBANK,"₹5,018.58",-1.78%,15.6x,7.1x,34,34%,AVOID,"₹6,937.98","₹3,830.41",27.7%,+31.0%,5.20M,Banking,✅ Fair PE (15.6x),06-Aug-2026 06:06 AM
135,HEXAWARE,"₹1,195.18",+0.52%,33.5x,2.3x,34,34%,AVOID,"₹1,488.29","₹1,060.71",19.7%,+12.7%,17.75M,IT,❌ High PE (33.5x),06-Aug-2026 06:06 AM
136,CYIENT,₹344.63,+0.64%,22.4x,3.7x,34,34%,AVOID,₹600.71,₹308.01,42.6%,+11.9%,6.26M,IT,⚠️  Moderate PE (22.4x),06-Aug-2026 06:06 AM
137,CEATLTD,"₹3,782.79",+3.84%,31.5x,3.3x,34,34%,AVOID,"₹8,031.07","₹3,680.39",52.9%,+2.8%,15.31M,Auto,❌ High PE (31.5x),06-Aug-2026 06:06 AM
138,HINDALCO,"₹3,460.55",-1.73%,18.7x,6.0x,34,34%,AVOID,"₹6,395.99","₹2,336.12",45.9%,+48.1%,18.60M,Steel,✅ Fair PE (18.7x),06-Aug-2026 06:06 AM
139,ISMT,"₹2,604.23",-1.27%,17.6x,4.4x,34,34%,AVOID,"₹3,536.85","₹1,753.74",26.4%,+48.5%,11.98M,Steel,✅ Fair PE (17.6x),06-Aug-2026 06:06 AM
140,LT,"₹2,359.97",-1.24%,16.0x,5.3x,34,34%,AVOID,"₹4,691.89","₹1,597.88",49.7%,+47.7%,16.83M,Infra,✅ Fair PE (16.0x),06-Aug-2026 06:06 AM
141,PIDILITIND,"₹4,567.57",-1.62%,36.2x,7.2x,34,34%,AVOID,"₹6,470.04","₹2,257.36",29.4%,+102.3%,18.90M,Chemical,❌ High PE (36.2x),06-Aug-2026 06:06 AM
142,DABUR,"₹5,005.69",-3.22%,67.8x,6.0x,33,33%,AVOID,"₹5,279.91","₹4,267.59",5.2%,+17.3%,7.22M,FMCG,❌ High PE (67.8x),06-Aug-2026 06:06 AM
143,ULTRACEMCO,₹108.08,-1.52%,32.2x,1.8x,33,33%,AVOID,₹127.84,₹79.32,15.5%,+36.3%,6.17M,Cement,❌ High PE (32.2x),06-Aug-2026 06:06 AM
144,TECHM,"₹2,204.12",+1.75%,22.5x,3.9x,32,32%,AVOID,"₹3,819.43","₹2,011.86",42.3%,+9.6%,2.78M,IT,⚠️  Moderate PE (22.5x),06-Aug-2026 06:06 AM
145,KPITTECH,"₹2,130.53",+0.19%,30.8x,8.0x,32,32%,AVOID,"₹3,305.99","₹1,473.22",35.6%,+44.6%,17.70M,IT,❌ High PE (30.8x),06-Aug-2026 06:06 AM
146,SUNPHARMA,"₹3,355.54",+0.21%,34.2x,6.3x,32,32%,AVOID,"₹3,994.74","₹2,637.74",16.0%,+27.2%,11.30M,Pharma,❌ High PE (34.2x),06-Aug-2026 06:06 AM
147,DRREDDY,"₹4,196.72",+0.58%,37.1x,6.3x,32,32%,AVOID,"₹5,708.96","₹2,875.16",26.5%,+46.0%,25.23M,Pharma,❌ High PE (37.1x),06-Aug-2026 06:06 AM
148,ITC,"₹3,942.77",-3.11%,67.6x,1.8x,32,32%,AVOID,"₹6,365.15","₹2,491.35",38.1%,+58.3%,16.78M,FMCG,❌ High PE (67.6x),06-Aug-2026 06:06 AM
149,RADICO,"₹1,857.12",+0.50%,47.2x,5.1x,32,32%,AVOID,"₹2,198.05","₹1,518.39",15.5%,+22.3%,14.01M,FMCG,❌ High PE (47.2x),06-Aug-2026 06:06 AM
150,PETRONET,"₹1,786.44",-0.84%,9.3x,7.8x,32,32%,AVOID,"₹3,016.74","₹1,615.11",40.8%,+10.6%,5.28M,Energy,✅ Very low PE (9.3x) — deep value!,06-Aug-2026 06:06 AM
151,BAJFINANCE,"₹2,994.21",-5.78%,24.5x,6.7x,32,32%,AVOID,"₹3,990.32","₹2,001.94",25.0%,+49.6%,27.60M,NBFC,⚠️  Moderate PE (24.5x),06-Aug-2026 06:06 AM
152,GUJALKALI,"₹5,647.50",+0.05%,37.3x,6.4x,32,32%,AVOID,"₹6,953.07","₹4,158.98",18.8%,+35.8%,14.67M,Chemical,❌ High PE (37.3x),06-Aug-2026 06:06 AM
153,INFY,₹247.12,+0.06%,31.1x,2.0x,31,31%,AVOID,₹448.07,₹210.54,44.8%,+17.4%,17.11M,IT,❌ High PE (31.1x),06-Aug-2026 06:06 AM
154,IOC,"₹4,055.39",+0.22%,13.2x,5.0x,31,31%,AVOID,"₹5,701.14","₹3,879.97",28.9%,+4.5%,12.77M,Energy,✅ Low PE (13.2x) — good value,06-Aug-2026 06:06 AM
155,SHYAMMETL,"₹1,879.92",-0.14%,24.8x,3.5x,31,31%,AVOID,"₹2,739.60","₹1,426.40",31.4%,+31.8%,13.77M,Steel,⚠️  Moderate PE (24.8x),06-Aug-2026 06:06 AM
156,IRFC,₹557.60,-1.68%,20.9x,3.4x,31,31%,AVOID,₹990.30,₹414.41,43.7%,+34.6%,24.27M,Infra,⚠️  Moderate PE (20.9x),06-Aug-2026 06:06 AM
157,MGL,₹654.11,-4.67%,9.5x,6.1x,30,30%,AVOID,₹916.80,₹628.79,28.7%,+4.0%,10.97M,Energy,✅ Very low PE (9.5x) — deep value!,06-Aug-2026 06:06 AM
158,GODREJPROP,"₹2,376.18",-0.53%,59.5x,6.4x,30,30%,AVOID,"₹3,186.61","₹1,324.04",25.4%,+79.5%,27.39M,Real Estate,❌ High PE (59.5x),06-Aug-2026 06:06 AM
159,LICHOUSFIN,"₹1,838.68",-0.68%,23.8x,6.4x,29,29%,AVOID,"₹2,649.93","₹1,321.40",30.6%,+39.1%,6.13M,NBFC,⚠️  Moderate PE (23.8x),06-Aug-2026 06:06 AM
160,SRF,"₹1,568.76",+0.02%,25.5x,2.2x,29,29%,AVOID,"₹2,492.26","₹1,384.46",37.1%,+13.3%,22.31M,Chemical,⚠️  Moderate PE (25.5x),06-Aug-2026 06:06 AM
161,AUROPHARMA,"₹1,393.63",-2.35%,17.4x,6.4x,27,27%,AVOID,"₹1,947.26","₹1,167.83",28.4%,+19.3%,16.55M,Pharma,✅ Fair PE (17.4x),06-Aug-2026 06:06 AM
162,PFIZER,₹378.49,+0.81%,36.1x,7.0x,27,27%,AVOID,₹991.99,₹368.93,61.8%,+2.6%,11.28M,Pharma,❌ High PE (36.1x),06-Aug-2026 06:06 AM
163,VEDL,"₹1,060.89",+1.20%,21.2x,4.6x,27,27%,AVOID,"₹1,448.91","₹1,032.18",26.8%,+2.8%,702.6K,Steel,⚠️  Moderate PE (21.2x),06-Aug-2026 06:06 AM
164,HFCL,"₹1,739.69",+1.22%,39.7x,6.4x,27,27%,AVOID,"₹2,604.10","₹1,572.94",33.2%,+10.6%,19.40M,Telecom,❌ High PE (39.7x),06-Aug-2026 06:06 AM
165,GRINFRA,"₹3,304.72",-2.21%,21.7x,1.1x,26,26%,AVOID,"₹3,946.51","₹3,166.03",16.3%,+4.4%,9.23M,Infra,⚠️  Moderate PE (21.7x),06-Aug-2026 06:06 AM
166,IIFL,"₹1,570.25",-1.87%,23.3x,1.1x,26,26%,AVOID,"₹2,246.75","₹1,228.18",30.1%,+27.9%,3.01M,NBFC,⚠️  Moderate PE (23.3x),06-Aug-2026 06:06 AM
167,JPPOWER,"₹1,410.23",-2.95%,20.2x,1.7x,26,26%,AVOID,"₹2,521.90","₹1,197.22",44.1%,+17.8%,19.50M,Power,⚠️  Moderate PE (20.2x),06-Aug-2026 06:06 AM
168,BIOCON,₹73.71,-2.75%,30.9x,0.8x,25,25%,AVOID,₹150.35,₹51.99,51.0%,+41.8%,1.05M,Pharma,❌ High PE (30.9x),06-Aug-2026 06:06 AM
169,JKCEMENT,"₹2,152.39",-3.76%,32.5x,4.6x,25,25%,AVOID,"₹2,783.35","₹1,611.60",22.7%,+33.6%,1.79M,Cement,❌ High PE (32.5x),06-Aug-2026 06:06 AM
170,TVSMOTORS,"₹2,055.17",-1.71%,15.9x,5.1x,24,24%,AVOID,"₹3,575.32","₹1,927.47",42.5%,+6.6%,22.41M,Auto,✅ Fair PE (15.9x),06-Aug-2026 06:06 AM
171,BALKRISIND,"₹5,798.46",-3.51%,34.6x,2.5x,24,24%,AVOID,"₹6,930.94","₹3,887.50",16.3%,+49.2%,976.4K,Auto,❌ High PE (34.6x),06-Aug-2026 06:06 AM
172,ADANIENT,"₹1,198.75",-1.25%,27.6x,4.7x,24,24%,AVOID,"₹2,552.38","₹1,041.33",53.0%,+15.1%,8.86M,Infra,⚠️  Moderate PE (27.6x),06-Aug-2026 06:06 AM
173,SOBHA,"₹5,578.00",-1.46%,59.8x,4.7x,24,24%,AVOID,"₹8,123.33","₹3,814.43",31.3%,+46.2%,29.35M,Real Estate,❌ High PE (59.8x),06-Aug-2026 06:06 AM
174,KOTAKBANK,"₹2,526.30",-4.40%,17.4x,4.6x,22,22%,AVOID,"₹3,988.85","₹2,371.07",36.7%,+6.5%,15.46M,Banking,✅ Fair PE (17.4x),06-Aug-2026 06:06 AM
175,IDFCFIRSTB,"₹1,755.36",+0.12%,24.4x,4.9x,22,22%,AVOID,"₹3,640.68","₹1,649.07",51.8%,+6.4%,26.77M,Banking,⚠️  Moderate PE (24.4x),06-Aug-2026 06:06 AM
176,PERSISTENT,"₹1,990.66",-2.72%,34.7x,5.1x,22,22%,AVOID,"₹3,409.21","₹1,391.17",41.6%,+43.1%,25.78M,IT,❌ High PE (34.7x),06-Aug-2026 06:06 AM
177,GODREJCP,₹263.14,-2.11%,31.6x,7.0x,22,22%,AVOID,₹343.86,₹220.81,23.5%,+19.2%,25.90M,FMCG,❌ High PE (31.6x),06-Aug-2026 06:06 AM
178,PVR,"₹2,777.30",-4.18%,21.2x,6.1x,22,22%,AVOID,"₹3,659.08","₹2,712.87",24.1%,+2.4%,13.01M,Infra,⚠️  Moderate PE (21.2x),06-Aug-2026 06:06 AM
179,VEDANT,"₹2,345.96",+0.21%,64.7x,3.2x,22,22%,AVOID,"₹3,975.15","₹2,044.18",41.0%,+14.8%,2.22M,Retail,❌ High PE (64.7x),06-Aug-2026 06:06 AM
180,TATACONSUM,"₹1,417.28",-0.32%,65.2x,6.6x,19,19%,AVOID,"₹2,298.59","₹1,231.22",38.3%,+15.1%,15.81M,FMCG,❌ High PE (65.2x),06-Aug-2026 06:06 AM
181,VMART,₹709.19,-1.38%,51.9x,4.4x,19,19%,AVOID,"₹1,326.57",₹577.29,46.5%,+22.8%,27.78M,Retail,❌ High PE (51.9x),06-Aug-2026 06:06 AM
182,HEROMOTOCO,"₹2,727.95",-0.81%,22.9x,4.1x,17,17%,AVOID,"₹5,349.37","₹2,513.65",49.0%,+8.5%,4.92M,Auto,⚠️  Moderate PE (22.9x),06-Aug-2026 06:06 AM
183,ASHOKLEY,₹314.00,-1.62%,24.0x,6.1x,17,17%,AVOID,₹613.68,₹286.80,48.8%,+9.5%,2.73M,Auto,⚠️  Moderate PE (24.0x),06-Aug-2026 06:06 AM
184,MUTHOOTFIN,"₹2,803.95",-2.90%,24.6x,5.5x,17,17%,AVOID,"₹4,927.63","₹2,604.26",43.1%,+7.7%,22.73M,NBFC,⚠️  Moderate PE (24.6x),06-Aug-2026 06:06 AM
185,STLTECH,₹233.21,-0.45%,44.4x,6.8x,17,17%,AVOID,₹444.71,₹183.44,47.6%,+27.1%,3.16M,Telecom,❌ High PE (44.4x),06-Aug-2026 06:06 AM
186,MPHASIS,₹844.58,-1.28%,36.2x,7.3x,14,14%,AVOID,"₹1,752.30",₹812.46,51.8%,+4.0%,22.90M,IT,❌ High PE (36.2x),06-Aug-2026 06:06 AM
187,LTIM,"₹3,910.50",-3.71%,34.2x,4.6x,12,12%,AVOID,"₹5,431.17","₹3,244.08",28.0%,+20.5%,643.9K,IT,❌ High PE (34.2x),06-Aug-2026 06:06 AM
188,GNFC,₹651.95,-3.75%,40.0x,5.6x,12,12%,AVOID,"₹1,337.97",₹576.00,51.3%,+13.2%,8.15M,Chemical,❌ High PE (40.0x),06-Aug-2026 06:06 AM
