SYMBOL,full_pct_change_2026-08-06,top_gainers_2026-08-06,top_losers_2026-08-06,CURRENT_UP_STREAK
1003IIFL29,1.0,,,0
1003ISFL28,0.0,,,0
1003SCL30A,4.1,,,0
1015ECL29,0.51,,,0
1018GS2026,-0.22,,,0
1020CCSP27,0.37,,,0
1025SCL34,0.0,,,0
1025UCL26A,-0.05,,,0
1025VCCL28,1.13,,,0
1040UCL27B,-1.23,,,0
105IIFL29,1.99,,,0
1060ECL29,-1.64,,,0
1065NFL27,0.4,,,0
1075SCL33,0.02,,,0
1075WCA28,0.0,,,0
10IIFL28,0.11,,,0
10IIFL28A,0.0,,,0
10IIFL29,-1.76,,,0
10MWL29,1.28,,,0
113ESFB31,-0.0,,,0
1150AFIL28,0.66,,,0
1150AFIL29,-0.24,,,0
115VCCL28A,-2.81,,,0
115VCCL31,0.0,,,0
1165ESFB32,0.0,,,0
1225IFL27,-19.21,,-19.21,0
1275DCCL28,1.58,,,0
12AFIL28,-1.28,,,0
12VCCL29B,1.83,,,0
182D051126,0.15,,,0
182D221026,1.24,,,0
20MICRONS,-1.61,,,0
21STCENMGM,1.64,,,0
360ONE,-0.5,,,0
364D110227,1.06,,,0
364D130826,0.96,,,0
364D171226,0.64,,,0
364D231026,1.31,,,0
3BBLACKBIO,0.16,,,0
3IINFOLTD,1.63,,,0
3MINDIA,0.54,,,0
3PLAND,1.07,,,0
574GS2026,0.47,,,0
591GS2028,-0.09,,,0
5PAISA,-0.3,,,0
601GS2028,0.99,,,0
601GS2030,3.0,,,0
610GS2031,0.0,,,0
636GS2031,0.47,,,0
63MOONS,-0.55,,,0
648GS2035,2.11,,,0
654GS2032,1.0,,,0
668GS2033,0.1,,,0
668GS2040,0.19,,,0
675GS2029,0.0,,,0
676GS2061,-0.82,,,0
68GS2060,3.4,,,0
690GS2065,-0.12,,,0
694GS2036,0.35,,,0
695GS2061,0.0,,,0
699GS2051,2.53,,,0
706GS2028,-0.29,,,0
706GS2041,0.5,,,0
709GS2054,0.66,,,0
709GS2074,-0.12,,,0
710GS2029,-0.24,,,0
717GS2030,0.01,,,0
718GS2033,0.76,,,0
718GS2037,-0.41,,,0
720PFCL36,0.5,,,0
723GS2039,-0.05,,,0
724GS2055,-0.06,,,0
725GS2063,0.01,,,0
726GS2032,0.28,,,0
730PFCL41,0.8,,,0
732GS2030,0.19,,,0
734AP35,-5.0,,,0
734GS2064,-0.25,,,0
734TS38,-5.0,,,0
735HP34,-5.0,,,0
735MH31,-3.41,,,0
735NABAR31,2.86,,,0
735NHAI31,0.93,,,0
735WB43,-5.0,,,0
736GS2052,-0.43,,,0
737GR2054,0.0,,,0
737GS2028,0.0,,,0
737NTPC35C,-11.45,,-11.45,0
738GS2027,-0.05,,,0
738REC27TF,0.03,,,0
73GS2053,0.12,,,0
740IIFCL33,-0.34,,,0
741GS2036,-0.33,,,0
743GS2076,0.5,,,0
744TN55,0.0,,,0
744TN55A,-3.16,,,0
746GS2073,0.24,,,0
746TS49,1.06,,,0
74GS2062,-0.25,,,0
751AP41,-5.0,,,0
751HUDCO28,0.0,,,0
752HR42,-5.0,,,0
753IRFC30,-0.42,,,0
753NTPC30E,0.51,,,0
753TN37,-4.04,,,0
754GS2036,-0.08,,,0
754TS53,-5.0,,,0
754TS55,-5.0,,,0
761TN56,-5.0,,,0
762NTPC35F,0.34,,,0
762UP33,0.0,,,0
762WB41,-5.0,,,0
764HUDCO31,0.09,,,0
764IRFC31,0.31,,,0
764NABAR31,-0.14,,,0
765TN30,0.7,,,0
765UP34,-5.0,,,0
769NHAI31,0.17,,,0
76NHAI31,-0.06,,,0
771GS2066,-0.01,,,0
772GS2055,4.74,,,0
774RJ34,0.0,,,0
774RJ42,-5.0,,,0
779TN32,3.62,,,0
779UP51,-5.0,,,0
781UP41,-5.0,,,0
783KL49,0.0,,,0
783MP48,0.0,,,0
791PN41,-5.0,,,0
792PN44,-5.0,,,0
794TN32,0.0,,,0
797IGT31,0.99,,,0
797TS43,5.0,,,0
799RJ41,0.0,,,0
79NHIT40,1.59,,,0
79NHIT47,-0.24,,,0
7PFCL31,0.0,,,0
807AP51,-3.54,,,0
810IRFC27,-0.14,,,0
81TCHF28,0.59,,,0
820IIFL27,-0.2,,,0
824GS2027,0.0,,,0
828GS2032,-0.95,,,0
82HUDCO27,0.1,,,0
830NHAI27,-0.05,,,0
842IIFL26,0.24,,,0
843IHFL29,0.0,,,0
846REC28,0.62,,,0
84CIFCL28,-0.01,,,0
84TCHF28,-0.35,,,0
851HUDCO28,-16.36,,-16.36,0
862AEL31,-0.44,,,0
865IIFL28,0.76,,,0
865IIFL31,0.0,,,0
865IRFC29,0.17,,,0
865SCL27,0.12,,,0
865TCAPS27,-0.12,,,0
867PFCL33,-1.83,,,0
870IIFL28,1.82,,,0
875AEL29,0.24,,,0
875IHFL29,0.08,,,0
875NHAI29,0.28,,,0
876HUDCO28,-0.13,,,0
87HMDA32,0.02,,,0
87HMDA33,1.96,,,0
87HMDA34,4.41,,,0
87LTF27,-1.94,,,0
880IREDA29,-0.54,,,0
885AEL28,0.99,,,0
885IHL26,0.17,,,0
885SCL26,0.0,,,0
888ECL28,-1.15,,,0
888IRFC29,0.07,,,0
888SCL25E,0.0,,,0
890AEL31,-0.0,,,0
890SFIL23A,0.0,,,0
891IIFCL34,2.0,,,0
891NTPC33,-0.39,,,0
892PFCL33,0.35,,,0
897GS2030,-0.09,,,0
897MOFSL29,-1.17,,,0
898LTF29,0.0,,,0
8ABCL26,0.11,,,0
901HUDCO34,0.36,,,0
901NHB34,0.6,,,0
903SFL28,0.0,,,0
905LTF27,0.0,,,0
905SC24B,0.0,,,0
910TCAP28,0.0,,,0
915AEL28,-0.08,,,0
915APSBC28,0.1,,,0
915APSBC31,1.11,,,0
91D030926,0.32,,,0
91D081026,0.66,,,0
91D100926,0.52,,,0
91D291026,4.99,,,0
91MOFSL27,-0.29,,,0
920ISF28B,0.0,,,0
925AEL26,-0.46,,,0
925ECL28,0.0,,,0
925ISF28,0.0,,,0
925SCFL27,0.25,,,0
925SCL30A,19.42,19.42,,0
92GS2030,-0.48,,,0
92SFIL28,0.0,,,0
930AEL30,0.0,,,0
930APMD29,0.0,,,0
930APMD30,-1.41,,,0
930APMD32,0.0,,,0
935MOFSL29,-2.07,,,0
935TSI30,0.76,,,0
935TSIIC28,0.75,,,0
943ECL28,-0.17,,,0
948SCL26A,1.66,,,0
948SCL27D,8.15,,,0
94SFL28,0.0,,,0
950ISF27C,-0.1,,,0
957ICCL25,-0.09,,,0
957ISFL26,0.1,,,0
960IIFL30,-0.86,,,0
965AEL27,-0.54,,,0
965ISF28,-0.0,,,0
965SCL25C,1.93,,,0
965SCL26Y,-2.68,,,0
96IIFL28,-0.0,,,0
96IIFL28A,0.02,,,0
970CAGL28,0.0,,,0
971SCL30,0.05,,,0
971SCL30A,0.0,,,0
97MOFSL34,-1.46,,,0
97SFL28,0.0,,,0
985ECL28,0.34,,,0
990SCL27,0.0,,,0
99AEL29,-0.17,,,0
9AEL30,-0.73,,,0
9IIFL28,-0.98,,,0
9IIFL28A,-0.58,,,0
9IIFL31,-0.52,,,0
9PFL31A,0.39,,,0
9SCL26BA,0.09,,,0
9SCL27,-1.3,,,0
A2ZINFRA,0.6,,,0
AAATECH,1.96,,,0
AADHARHFC,1.92,,,0
AAKAAR,-5.0,,,0
AAKASH,-0.11,,,0
AARADHYA,0.0,,,0
AAREYDRUGS,-2.98,,,0
AARNAV,1.38,,,0
AARON,-0.25,,,0
AARTECH,-0.27,,,0
AARTIDRUGS,-0.38,,,0
AARTIIND,3.14,,,0
AARTIPHARM,1.35,,,0
AARTISURF,1.88,,,0
AARVI,-0.31,,,0
AASTHA,-9.99,,-9.99,0
AAVAS,0.04,,,0
ABAN,4.99,,,0
ABANSENT,2.56,,,0
ABB,0.58,,,0
ABBOTINDIA,0.25,,,0
ABCAPITAL,-0.75,,,0
ABCOTS,0.67,,,0
ABDL,-1.49,,,0
ABFRL,1.87,,,0
ABGSEC,0.77,,,0
ABHAPOWER,-0.38,,,0
ABINFRA,0.3,,,0
ABLBL,0.06,,,0
ABMINTLLTD,-1.96,,,0
ABMKNO,-0.39,,,0
ABREL,-2.14,,,0
ABSL10BANK,0.71,,,0
ABSLAMC,0.69,,,0
ABSLBANETF,0.41,,,0
ABSLLIQUID,0.0,,,0
ABSLMSCIN,0.57,,,0
ABSLNN50ET,0.35,,,0
ABSLPSE,0.19,,,0
ABSMARINE,0.81,,,0
ACC,-1.12,,,0
ACCELYA,-0.08,,,0
ACCENTMIC,0.58,,,0
ACCPL,-0.69,,,0
ACCURACY,-0.83,,,0
ACE,-2.12,,,0
ACEINTEG,-1.45,,,0
ACETEC,-0.32,,,0
ACI,-1.15,,,0
ACL,1.18,,,0
ACMESOLAR,-1.78,,,0
ACSTECH,3.7,,,0
ACUTAAS,-0.68,,,0
ADANIENSOL,-1.34,,,0
ADANIENT,-0.79,,,0
ADANIGREEN,-0.62,,,0
ADANIPORTS,-0.29,,,0
ADANIPOWER,-0.42,,,0
ADDICTIVE,-4.49,,,0
ADFFOODS,-2.9,,,0
ADISOFT,1.37,,,0
ADL,-2.3,,,0
ADOR,-1.54,,,0
ADROITINFO,-2.19,,,0
ADSL,-0.04,,,0
ADVAIT,1.21,,,0
ADVANCE,-3.22,,,0
ADVANIHOTR,0.47,,,0
ADVENTHTL,-0.11,,,0
ADVENZYMES,-0.89,,,0
AEGISLOG,0.3,,,0
AEGISVOPAK,1.71,,,0
AEL120126,0.0,,,0
AEPL,1.26,,,0
AEQUS,-0.38,,,0
AEROENTER,-1.38,,,0
AEROFLEX,-3.84,,,0
AERON,-0.06,,,0
AERONEU,0.11,,,0
AEROPLANE,-1.89,,,0
AETHER,-0.31,,,0
AFCONS,-0.77,,,0
AFFLE,1.57,,,0
AFFORDABLE,5.0,,,0
AFIL,-3.72,,,0
AFSL,0.02,,,0
AGARIND,0.18,,,0
AGARWALEYE,2.16,,,0
AGARWALTUF,1.04,,,0
AGI,-1.13,,,0
AGIIL,0.78,,,0
AGL,9.96,,,0
AGRITECH,-2.49,,,0
AGROPHOS,0.42,,,0
AGSTRA,-2.86,,,0
AGUL,-4.96,,,0
AHCL,-1.93,,,0
AHLADA,-0.08,,,0
AHLEAST,0.23,,,0
AHLUCONT,-0.76,,,0
AHLWEST,1.14,,,0
AIAENG,3.2,,,0
AIIL,4.5,,,0
AIMTRON,1.23,,,0
AIRAN,-0.73,,,0
AIROLAM,-0.43,,,0
AJANTPHARM,0.96,,,0
AJAXENGG,-6.52,,,0
AJMERA,-0.43,,,0
AJOONI,-1.26,,,0
AKANKSHA,4.97,,,0
AKASH,-0.38,,,0
AKCAPIT,-3.36,,,0
AKG,2.61,,,0
AKI,6.64,,,0
AKIKO,0.94,,,0
AKSHAR,0.0,,,0
AKSHARCHEM,2.77,,,0
AKSHOPTFBR,4.78,,,0
AKUMS,-0.53,,,0
ALANKIT,2.28,,,0
ALBERTDAVD,5.45,,,0
ALEMBICLTD,-0.55,,,0
ALGOQUANT,-2.01,,,0
ALICON,2.76,,,0
ALIVUS,-0.44,,,0
ALKALI,0.78,,,0
ALKEM,-1.74,,,0
ALKYLAMINE,-0.92,,,0
ALLCARGO,19.9,19.9,,0
ALLDIGI,-0.34,,,0
ALLETEC,-1.77,,,0
ALLTIME,-1.26,,,0
ALMONDZ,-1.78,,,0
ALOKINDS,0.08,,,0
ALPA,3.94,,,0
ALPEXSOLAR,-0.21,,,0
ALPHA,0.58,,,0
ALPHAETF,-0.23,,,0
ALPHAGEO,-1.1,,,0
ALPINETEX,-2.31,,,0
ALPL30IETF,0.04,,,0
ALUWIND,1.31,,,0
AMAGI,-3.74,,,0
AMANTA,-2.0,,,0
AMBAAUTO,-4.65,,,0
AMBALALSA,1.86,,,0
AMBER,-1.34,,,0
AMBICAAGAR,-1.08,,,0
AMBIKCO,1.31,,,0
AMBUJACEM,-1.91,,,0
AMCL,0.38,,,0
AMDIND,-0.62,,,0
AMJLAND,-0.49,,,0
AMNPLST,-1.56,,,0
AMRUTANJAN,-0.78,,,0
ANANDRATHI,1.66,,-33.05,0
ANANDRATHI,-33.05,,-33.05,0
ANANTAM,-0.15,,,0
ANANTRAJ,-1.72,,,0
ANDHRAPAP,0.1,,,0
ANDHRSUGAR,0.44,,,0
ANGELONE,-0.7,,,0
ANIKINDS,2.04,,,0
ANKITMETAL,1.29,,,0
ANLON,0.0,,,0
ANMOL,0.4,,,0
ANNAPURNA,9.3,,,0
ANONDITA,-2.4,,,0
ANSALAPI,1.71,,,0
ANTELOPUS,-1.52,,,0
ANTGRAPHIC,0.0,,,0
ANTHEM,0.0,,,0
ANUHPHR,0.11,,,0
ANUP,-9.97,,-9.97,0
ANURAS,-0.27,,,0
ANYA,-1.61,,,0
AONEGOLD,2.37,,,0
AONELIQUID,0.01,,,0
AONENIFTY,0.3,,,0
AONESILVER,0.94,,,0
AONETMMQ50,-0.1,,,0
AONETOTAL,0.25,,,0
APARINDS,2.94,,,0
APCL,-1.05,,,0
APCOTEXIND,-1.41,,,0
APEX,-0.69,,,0
APEXECO,-4.09,,,0
APLAPOLLO,-0.18,,,0
APLLTD,1.99,,,0
APOLLO,1.23,,,0
APOLLOHOSP,0.72,,,0
APOLLOPIPE,-1.29,,,0
APOLLOTYRE,1.08,,,0
APOLSINHOT,3.56,,,0
APRAMEYA,0.31,,,0
APS,-3.08,,,0
APSISAERO,1.6,,,0
APTECHT,-1.75,,,0
APTUS,-1.32,,,0
AQYLON,4.95,,,0
ARABIAN,18.06,18.06,,0
ARCHIDPLY,2.01,,,0
ARCHIES,1.56,,,0
ARCIIL,7.04,,,0
ARE&M,-1.21,,,0
ARENTERP,-3.32,,,0
ARFIN,1.92,,,0
ARHAM,4.41,,,0
ARIES,0.28,,,0
ARIHANT,-0.55,,,0
ARIHANTCAP,-1.23,,,0
ARIHANTSUP,2.71,,,0
ARIS,1.4,,,0
ARKADE,0.44,,,0
ARMANFIN,-0.89,,,0
ARMOUR,2.93,,,0
AROGRANITE,-0.27,,,0
ARROWGREEN,0.13,,,0
ARSHIYA,1.08,,,0
ARSSBL,-0.88,,,0
ARTEMISMED,-3.24,,,0
ARTNIRMAN,2.45,,,0
ARUNAYA,-0.62,,,0
ARVEE,0.41,,,0
ARVIND,0.18,,,0
ARVINDFASN,-0.4,,,0
ARVINDPORT,4.93,,,0
ARVSMART,1.17,,,0
ASAHIINDIA,-1.38,,,0
ASAHISONG,-3.09,,,0
ASAL,-1.43,,,0
ASALCBR,0.39,,,0
ASHALOG,0.88,,,0
ASHAPURMIN,-1.43,,,0
ASHIANA,-1.09,,,0
ASHIKAG,2.76,,,0
ASHIMASYN,1.74,,,0
ASHOKA,-0.05,,,0
ASHOKAMET,-0.49,,,0
ASHOKLEY,0.28,,,0
ASHWINI,-1.45,,,0
ASIANENE,-2.57,,,0
ASIANHOTNR,3.05,,,0
ASIANPAINT,-0.18,,,0
ASIANTILES,4.85,,,0
ASKAUTOLTD,6.47,,,0
ASMS,-3.22,,,0
ASPINWALL,-2.81,,,0
ASPIRE,0.0,,,0
ASTAR,-0.02,,,0
ASTEC,0.62,,,0
ASTERDM,0.28,,,0
ASTRAL,0.51,,,0
ASTRAMICRO,-0.4,,,0
ASTRAZEN,-0.41,,,0
ASTRON,2.2,,,0
ATALREAL,0.23,,,0
ATAM,-0.2,,,0
ATCENERGY,3.73,,,0
ATGL,-0.02,,,0
ATHERENERG,-1.2,,,0
ATL,10.31,10.31,,0
ATLANTAA,0.02,,,0
ATLANTAELE,-2.55,,,0
ATLASCYCLE,0.43,,,0
ATLPP,-0.33,,,0
ATMASTCO,0.24,,,0
ATUL,0.04,,,0
ATULAUTO,-0.24,,,0
AUBANK,3.45,,,0
AURIONPRO,0.14,,,0
AUROIMPEX,1.75,,,0
AUROPHARMA,-1.52,,,0
AURUM,-0.18,,,0
AURUS,-2.98,,,0
AUSOMENT,-1.91,,,0
AUTOAXLES,-4.66,,,0
AUTOBEES,-0.67,,,0
AUTOIETF,-0.66,,,0
AUTOIND,1.25,,,0
AVADHSUGAR,-1.04,,,0
AVALON,-2.67,,,0
AVANA,0.0,,,0
AVANTEL,-0.3,,,0
AVANTIFEED,-0.8,,,0
AVATAR,2.0,,,0
AVG,-0.19,,,0
AVIANSH,0.96,,,0
AVIENCE,-2.36,,,0
AVL,0.56,,,0
AVONMORE,-2.37,,,0
AVPINFRA,-1.57,,,0
AVROIND,-0.55,,,0
AVTNPL,1.1,,,0
AWFIS,-1.2,,,0
AWHCL,-0.29,,,0
AWL,1.98,,,0
AXISBANK,0.17,,,0
AXISCADES,2.58,,,0
AXITA,-0.54,,,0
AYE,0.39,,,0
AYMSYNTEX,-1.14,,,0
AZAD,0.37,,,0
BABAFP,-1.96,,,0
BAFNAPH,1.99,,,0
BAGDIGITAL,0.55,,,0
BAGFILMS,-1.14,,,0
BAGMANE,0.51,,,0
BAHETI,0.1,,,0
BAIDFIN,0.0,,,0
BAJAJ-AUTO,-1.53,,,0
BAJAJCON,0.41,,,0
BAJAJELEC,9.88,,,0
BAJAJFINSV,0.0,,,0
BAJAJHCARE,-1.13,,,0
BAJAJHFL,-0.66,,,0
BAJAJHIND,-1.46,,,0
BAJAJHLDNG,-0.95,,,0
BAJAJINDEF,2.55,,,0
BAJAJST,-1.9,,,0
BAJEL,5.73,,,0
BAJFINANCE,-1.21,,,0
BALAJEE,-1.42,,,0
BALAJIPHOS,0.85,,,0
BALAJITELE,1.04,,,0
BALAMINES,5.12,,,0
BALAXI,0.12,,,0
BALCO,-4.76,,,0
BALKRISHNA,-0.86,,,0
BALKRISIND,-1.44,,,0
BALMLAWRIE,0.56,,,0
BALPHARMA,-2.4,,,0
BALRAMCHIN,-0.98,,,0
BALUFORGE,2.81,,,0
BANARBEADS,-0.01,,,0
BANARISUG,1.02,,,0
BANCOINDIA,-0.6,,,0
BANDHANBNK,2.46,,,0
BANG,-0.2,,,0
BANK10ADD,-0.41,,,0
BANK10BETF,1.96,,,0
BANKA,-0.89,,,0
BANKADD,0.78,,,0
BANKBARODA,2.2,,,0
BANKBEES,0.65,,,0
BANKBETA,0.74,,,0
BANKBETF,0.94,,,0
BANKETF,0.79,,,0
BANKIETF,0.81,,,0
BANKINDIA,1.18,,,0
BANKNIFTY1,0.73,,,0
BANKPSU,2.2,,,0
BANSALWIRE,3.36,,,0
BANSWRAS,1.0,,,0
BARFLEX,0.9,,,0
BASF,2.19,,,0
BASILIC,-2.87,,,0
BASML,-0.7,,,0
BATAINDIA,-0.27,,,0
BATLIBOI,8.88,,,0
BAWEJA,-2.43,,,0
BAYERCROP,-2.05,,,0
BBETF0432,-0.26,,,0
BBL,1.11,,,0
BBNPNBETF,-0.29,,,0
BBNPPGOLD,2.29,,,0
BBOX,-0.94,,,0
BBTC,-0.23,,,0
BBTCL,-0.98,,,0
BCG,-1.49,,,0
BCLIND,-0.27,,,0
BCONCEPTS,-3.4,,,0
BCPL,0.34,,,0
BDL,4.76,,,0
BEACON,2.25,,,0
BEARDSELL,0.59,,,0
BECTORFOOD,-1.09,,,0
BEDMUTHA,-2.25,,,0
BEEKAY,-1.96,,,0
BEL,2.36,,,0
BELLACASA,0.27,,,0
BELRISE,1.29,,,0
BEML,3.2,,,0
BENGALASM,-1.05,,,0
BEPL,0.77,,,0
BERGEPAINT,-1.39,,,0
BESTAGRO,-3.48,,,0
BETA,6.42,,,0
BEWLTD,-2.91,,,0
BFINVEST,-0.93,,,0
BFSI,0.47,,,0
BFUTILITIE,-0.12,,,0
BGRENERGY,-1.84,,,0
BHADORA,1.86,,,0
BHAGCHEM,-2.39,,,0
BHAGERIA,-1.73,,,0
BHAGYANGR,-0.44,,,0
BHANDARI,-0.35,,,0
BHARATCOAL,-0.46,,,0
BHARATFORG,0.59,,,0
BHARATGEAR,-3.5,,,0
BHARATRAS,-0.72,,,0
BHARATSE,-1.18,,,0
BHARATWIRE,0.95,,,0
BHARTIARTL,-1.52,,,0
BHARTIHEXA,-2.46,,,0
BHEL,-1.03,,,0
BI,-0.11,,,0
BIGBLOC,-2.59,,,0
BIKAJI,-4.01,,,0
BIKEWO,4.98,,,0
BIL,0.22,,,0
BILVYAPAR,-1.52,,,0
BIMETAL,2.02,,,0
BIOCON,2.68,,,0
BIOFILCHEM,-3.04,,,0
BIOPOL,-3.96,,,0
BIRET,0.27,,,0
BIRLACABLE,5.0,,,0
BIRLACORPN,0.68,,,0
BIRLAMONEY,0.12,,,0
BIRLANU,10.17,10.17,,0
BIRLAPREC,1.04,,,0
BLACKBUCK,0.24,,,0
BLACKROSE,-0.76,,,0
BLAL,0.43,,,0
BLBLIMITED,2.49,,,0
BLIL,0.24,,,0
BLISSGVS,-0.67,,,0
BLKASHYAP,4.52,,,0
BLS,-0.65,,,0
BLSE,-0.47,,,0
BLUECHIP,0.0,,,0
BLUECOAST,-0.7,,,0
BLUEDART,-3.42,,,0
BLUEJET,-0.56,,,0
BLUEPEBBLE,7.35,,,0
BLUESTARCO,-5.65,,,0
BLUESTONE,-3.69,,,0
BLUEWATER,1.93,,,0
BLUSPRING,-0.56,,,0
BMLL,-0.73,,,0
BMWVENTLTD,1.3,,,0
BNAGROCHEM,1.13,,,0
BNALTD,0.0,,,0
BNKETFAXIS,0.13,,,0
BODALCHEM,-4.99,,,0
BOHRAIND,-2.03,,,0
BOMDYEING,0.37,,,0
BONLON,-0.35,,,0
BORANA,4.58,,,0
BOROLTD,1.96,,,0
BORORENEW,-0.47,,,0
BOROSCI,-1.29,,,0
BOSCH-HCIL,7.97,,,0
BOSCHLTD,-2.14,,,0
BOSS,4.91,,,0
BPCL,-0.78,,,0
BPL,-0.02,,,0
BRACEPORT,-5.27,,,0
BRANDMAN,4.67,,,0
BRIGADE,0.29,,,0
BRIGHOTEL,0.65,,,0
BRITANNIA,-0.66,,,0
BRNL,0.74,,,0
BROOKS,-0.4,,,0
BSE,-2.82,,,0
BSE500IETF,0.55,,,0
BSHSL,-1.1,,,0
BSL,-1.85,,,0
BSLGOLDETF,2.44,,,0
BSLNIFTY,0.87,,,0
BSLSENETFG,0.35,,,0
BSOFT,-1.67,,,0
BTML,8.93,,,0
BTTL,-4.45,,,0
BUILDPRO,-0.93,,,0
BULKCORP,2.92,,,0
BUTTERFLY,2.1,,,0
BVCL,1.65,,,0
BYKE,-0.52,,,0
C2C,0.41,,,0
CALSOFT,0.7,,,0
CAMLINFINE,-1.23,,,0
CAMPUS,-3.33,,,0
CAMS,-1.53,,,0
CANARYS,-1.06,,,0
CANBK,2.16,,,0
CANFINHOME,-0.4,,,0
CANHLIFE,0.41,,,0
CANTABIL,-7.2,,-7.2,0
CAPACITE,1.84,,,0
CAPILLARY,0.74,,,0
CAPINVIT,0.17,,,0
CAPITALSFB,-0.17,,,0
CAPLIPOINT,1.73,,,0
CAPTRUST,-3.1,,,0
CARBORUNIV,-1.16,,,0
CARERATING,-1.09,,,0
CARRARO,1.16,,,0
CARTRADE,-1.89,,,0
CARYSIL,1.91,,,0
CASHIETF,0.01,,,0
CASTROLIND,1.37,,,0
CBAZAAR,-4.96,,,0
CCAVENUE,-0.75,,,0
CCCL,-0.57,,,0
CCHHL,-1.16,,,0
CCL,-0.68,,,0
CDSL,0.34,,,0
CEATLTD,1.4,,,0
CEDAAR,-2.08,,,0
CEIGALL,-2.87,,,0
CEINSYS,-1.58,,,0
CELEBRITY,-3.46,,,0
CELLECOR,-1.1,,,0
CELLO,-4.94,,,0
CELLPOINT,0.0,,,0
CEMNTGROWW,-0.64,,,0
CEMPRO,-4.04,,,0
CENTENKA,-1.67,,,0
CENTEXT,-1.73,,,0
CENTRALBK,0.7,,,0
CENTRUM,2.41,,,0
CENTUM,0.02,,,0
CENTURYPLY,1.97,,,0
CERA,0.48,,,0
CEREBRAINT,-4.12,,,0
CESC,-0.64,,,0
CEWATER,-0.52,,,0
CGCL,1.16,,,0
CGPOWER,-1.52,,,0
CGRAPHICS,-1.9,,,0
CHALET,2.79,,,0
CHAMBLFERT,0.24,,,0
CHANDAN,-3.02,,,0
CHAVDA,-0.63,,,0
CHEMBOND,0.55,,,0
CHEMBONDCH,1.43,,,0
CHEMCON,-2.29,,,0
CHEMFAB,-2.81,,,0
CHEMICAL,1.78,,,0
CHEMPLASTS,-0.33,,,0
CHENNPETRO,-0.89,,,0
CHETANA,0.0,,,0
CHEVIOT,-3.45,,,0
CHOICEGOLD,2.55,,,0
CHOICEIN,1.07,,,0
CHOLAFIN,3.19,,,0
CHOLAHLDNG,2.76,,,0
CIEINDIA,-1.14,,,0
CIFC26A,0.02,,,0
CIFL,1.51,,,0
CINELINE,-0.69,,,0
CINEVISTA,-0.6,,,0
CIPLA,1.25,,,0
CITIUSINVT,0.19,,,0
CKKRETAIL,-0.14,,,0
CLASSICEIL,-4.92,,,0
CLAYCRAFT,0.91,,,0
CLCIND,-4.98,,,0
CLEAN,0.35,,,0
CLEANMAX,-1.67,,,0
CLEDUCATE,1.68,,,0
CLSEL,-0.02,,,0
CLSL,0.0,,,0
CMLL,3.57,,,0
CMNL,0.05,,,0
CMPDI,0.31,,,0
CMRGREEN,2.02,,,0
CMRSL,-3.9,,,0
CMSINFO,1.33,,,0
CNL,-3.73,,,0
COALINDIA,0.02,,,0
COASTCORP,-5.34,,,0
COCHINSHIP,4.56,,,0
COCKERILL,6.35,,,0
COFFEEDAY,-0.06,,,0
COFORGE,-0.24,,,0
COHANCE,2.2,,,0
COLPAL,-0.57,,,0
COMFINTE,7.18,,,0
COMMITTED,0.0,,,0
COMMOIETF,-0.39,,,0
COMPINFO,-4.35,,,0
COMPUSOFT,-0.46,,,0
COMSYN,-0.07,,,0
CONCOR,-0.84,,,0
CONCORDBIO,-0.74,,,0
CONFIPET,-2.95,,,0
CONNPLEX,1.19,,,0
CONS,0.32,,,0
CONSOFINVT,-3.77,,,0
CONSUMAXIS,-0.49,,,0
CONSUMBEES,-0.29,,,0
CONSUMER,-0.41,,,0
CONSUMIETF,-0.32,,,0
CONTROLPR,-1.55,,,0
COOLCAPS,0.69,,,0
CORALFINAC,0.06,,,0
CORDELIA,1.84,,,0
CORDSCABLE,-0.37,,,0
COROMANDEL,-0.16,,,0
CORONA,-2.44,,,0
COSMOFIRST,-4.79,,,0
COUNCODOS,4.89,,,0
CPCAP,-1.08,,,0
CPEDU,0.57,,,0
CPL,-0.93,,,0
CPPLUS,2.86,,,0
CPS,-1.38,,,0
CPSEETF,-0.56,,,0
CRAFTSMAN,1.41,,,0
CRAMC,-0.85,,,0
CRAYONS,0.74,,,0
CREATIVEYE,2.12,,,0
CREDITACC,3.46,,,0
CREDITACC,1.27,,,0
CREST,-0.5,,,0
CRISIL,1.68,,,0
CRIZAC,1.04,,,0
CROMPTON,1.47,,,0
CROWN,-1.25,,,0
CSBBANK,-0.8,,,0
CSLFINANCE,-2.27,,,0
CSM,1.62,,,0
CSSL,0.0,,,0
CTE,0.11,,,0
CUB,1.87,,,0
CUBEINVIT,0.34,,,0
CUBEXTUB,2.47,,,0
CUDML,-2.92,,,0
CUMMINSIND,-0.7,,,0
CUPID,4.16,,,0
CURAA,4.31,,,0
CURIS,-2.73,,,0
CURRENT,3.47,,,0
CYBERMEDIA,1.69,,,0
CYBERTECH,-0.6,,,0
CYIENT,-1.12,,,0
CYIENTDLM,-0.35,,,0
DABUR,-0.65,,,0
DAICHI,1.07,,,0
DALBHARAT,-0.85,,,0
DALMIASUG,0.64,,,0
DAMCAPITAL,0.67,,,0
DAMODARIND,1.6,,,0
DANGEE,-1.34,,,0
DANISH,-0.1,,,0
DATAMATICS,-2.72,,,0
DATAPATTNS,-1.21,,,0
DAVANGERE,-0.96,,,0
DBCORP,0.22,,,0
DBEIL,-0.14,,,0
DBL,-0.7,,,0
DBOL,-1.2,,,0
DBREALTY,-0.27,,,0
DBSTOCKBRO,-2.48,,,0
DCAL,-0.39,,,0
DCBBANK,3.07,,,0
DCG,-0.45,,,0
DCI,0.2,,,0
DCM,-0.45,,,0
DCMFINSERV,3.54,,,0
DCMNVL,2.56,,,0
DCMSHRIRAM,0.04,,,0
DCMSIL,5.0,,,0
DCMSRIND,-2.15,,,0
DCW,0.28,,,0
DCXINDIA,0.93,,,0
DDEVPLSTIK,7.7,,,0
DECCANCE,1.23,,,0
DECNGOLD,13.26,13.26,,0
DEEDEV,-2.14,,,0
DEEPAKFERT,-2.22,,,0
DEEPAKNTR,0.79,,,0
DEEPINDS,-2.58,,,0
DEFENCE,2.42,,,0
DELAPLEX,-0.11,,,0
DELHIVERY,-1.41,,,0
DELPHIFX,-2.32,,,0
DELTACORP,-0.11,,,0
DELTAMAGNT,2.26,,,0
DELTIC,3.27,,,0
DEN,-0.29,,,0
DENEERS,1.59,,,0
DENORA,-1.73,,,0
DENTA,-4.34,,,0
DENTALKART,1.49,,,0
DEVIT,-0.26,,,0
DEVX,0.29,,,0
DEVYANI,-0.98,,,0
DGCONTENT,-3.15,,,0
DHAMPURSUG,0.07,,,0
DHANBANK,0.12,,,0
DHANLAXMI,-4.99,,,0
DHANUKA,2.1,,,0
DHARAN,0.0,,,0
DHARIWAL,9.93,,,0
DHARMAJ,-2.0,,,0
DHRUV,-2.68,,,0
DHTL,0.0,,,0
DHUNINV,3.07,,,0
DIACABS,5.0,,,0
DIAMINESQ,1.58,,,0
DIAMONDYD,-0.68,,,0
DICIND,1.61,,,0
DIFFNKG,4.64,,,0
DIGIDRIVE,-2.86,,,0
DIGIKORE,-7.66,,-7.66,0
DIGISPICE,1.3,,,0
DIGITIDE,-0.16,,,0
DIGJAMLMTD,0.39,,,0
DIRL,-2.76,,,0
DISAQ,-3.52,,,0
DISHTV,-1.78,,,0
DIVGIITTS,-1.36,,,0
DIVIDEND,-0.74,,,0
DIVINEHIRA,0.74,,,0
DIVISLAB,-0.46,,,0
DIVOPPBEES,-0.24,,,0
DIVYADHAN,-1.92,,,0
DIXON,-0.77,,,0
DJML,5.45,,,0
DLF,-1.09,,,0
DLINKINDIA,-0.83,,,0
DMART,-0.38,,,0
DMCC,-2.02,,,0
DNAMEDIA,-1.08,,,0
DODLA,0.09,,,0
DOLATALGO,-0.46,,,0
DOLLAR,3.47,,,0
DOLLEX,0.0,,,0
DOLPHIN,0.88,,,0
DOMS,0.03,,,0
DONEAR,-0.54,,,0
DPABHUSHAN,-2.43,,,0
DPEL,-2.89,,,0
DPSCLTD,0.13,,,0
DPWIRES,0.05,,,0
DRAGARWQ,1.08,,,0
DRCSYSTEMS,3.15,,,0
DREAMFOLKS,2.17,,,0
DREDGECORP,-2.53,,,0
DRONE,-1.25,,,0
DRREDDY,-0.43,,,0
DSFCL,-1.54,,,0
DSKULKARNI,4.92,,,0
DSSL,-0.31,,,0
DTIL,-0.39,,,0
DUCOL,-7.63,,-7.63,0
DUCON,3.7,,,0
DUGLOBAL,0.87,,,0
DURLAX,-3.36,,,0
DVL,3.41,,,0
DWARKESH,0.15,,,0
DYCL,-0.15,,,0
DYNAMATECH,3.73,,,0
DYNAMIC,-0.72,,,0
DYNPRO,-0.34,,,0
E2E,1.18,,,0
E2ERAIL,-1.33,,,0
EASEMYTRIP,0.76,,,0
EASTSILK,-2.07,,,0
EBANK10,0.59,,,0
EBANKNIFTY,-0.29,,,0
EBBETF0430,-0.2,,,0
EBBETF0431,-0.08,,,0
EBBETF0433,0.22,,,0
EBGNG,-0.66,,,0
ECAPINSURE,-0.29,,,0
ECLERX,-2.37,,,0
ECOLINE,2.16,,,0
ECOSMOBLTY,-1.18,,,0
EDELWEISS,2.87,,,0
EEPL,19.93,19.93,,0
EFACTOR,-0.54,,,0
EFCIL,-0.73,,,0
EFFWA,-0.46,,,0
EGOLD,2.49,,,0
EICHERMOT,-0.24,,,0
EIDPARRY,-1.62,,,0
EIEL,-1.17,,,0
EIFFL,-4.98,,,0
EIHAHOTELS,0.42,,,0
EIHOTEL,-0.72,,,0
EIMCOELECO,-0.14,,,0
EKC,1.94,,,0
ELANTAS,4.47,,,0
ELCIDIN,-0.41,,,0
ELDEHSG,-7.18,,,0
ELECON,3.48,,,0
ELECTCAST,0.38,,,0
ELECTHERM,-0.01,,,0
ELGIEQUIP,0.88,,,0
ELGIRUBCO,-2.87,,,0
ELGNZ,-4.01,,,0
ELIN,0.27,,,0
ELIQUID,0.01,,,0
ELITECON,-2.16,,,0
ELLEN,0.12,,,0
ELM250,1.56,,,0
ELMDIV,-0.35,,,0
ELPROINTL,-0.34,,,0
EMAMILTD,1.65,,,0
EMAMIPAP,0.16,,,0
EMAMIREAL,-2.99,,,0
EMAPARTNER,-3.74,,,0
EMBASSY,0.94,,,0
EMBDL,-0.67,,,0
EMCURE,-1.14,,,0
EMETAL,0.08,,,0
EMIL,1.5,,,0
EMKAY,-2.58,,,0
EMKAYTOOLS,0.38,,,0
EMMBI,-1.16,,,0
EMMIL,2.23,,,0
EMMVEE,1.09,,,0
EMPOWER,-4.85,,,0
EMSLIMITED,-0.17,,,0
EMUDHRA,3.32,,,0
EMULTIMQ,-0.12,,,0
ENCOMPAS,1.67,,,0
ENDURANCE,-0.54,,,0
ENERGY,-0.15,,,0
ENERGYDEV,0.6,,,0
ENEXT50,0.0,,,0
ENFUSE,0.0,,,0
ENGINERSIN,0.88,,,0
ENIFTY,0.52,,,0
ENIL,-2.52,,,0
ENRIN,-1.14,,,0
ENSER,2.56,,,0
ENTERO,-1.29,,,0
ENVIRO,-1.42,,,0
EPACK,-0.85,,,0
EPACKPEB,-2.89,,,0
EPIGRAL,-2.09,,,0
EPL,-0.39,,,0
EPWINDIA,-2.74,,,0
EQUAL200,-0.14,,,0
EQUAL50,-0.09,,,0
EQUAL50ADD,0.01,,,0
EQUIPPP,-2.42,,,0
EQUITASBNK,0.44,,,0
ERIS,0.57,,,0
ESABINDIA,-0.53,,,0
ESAFSFB,1.97,,,0
ESCONET,-2.45,,,0
ESCORTS,-0.27,,,0
ESENSEX,0.91,,,0
ESFL,2.18,,,0
ESG,0.26,,,0
ESILVER,0.52,,,0
ESPRIT,2.98,,,0
ESSARSHPNG,-1.19,,,0
ESSENTIA,-2.38,,,0
ESTER,-0.23,,,0
ETERNAL,1.9,,,0
ETHOSLTD,-0.35,,,0
ETML,2.63,,,0
EUREKAFORB,-2.78,,,0
EUROBOND,-0.23,,,0
EUROPRATIK,-0.83,,,0
EUROTEXIND,1.94,,,0
EVEREADY,-0.76,,,0
EVERESTIND,1.51,,,0
EVIETF,-0.88,,,0
EVINDIA,-0.15,,,0
EXCELINDUS,-1.16,,,0
EXCELLENT,0.98,,,0
EXCELSOFT,-1.02,,,0
EXICOM,1.81,,,0
EXIDEIND,1.55,,,0
EXIMROUTES,0.0,,,0
EXPLEOSOL,1.15,,,0
EXXARO,1.62,,,0
FABTECH,-1.07,,,0
FACT,0.3,,,0
FAIRCHEMOR,-2.0,,,0
FALCONTECH,-0.41,,,0
FAZE3Q,-1.88,,,0
FCL,8.02,,,0
FCSSOFT,-0.68,,,0
FDC,-4.53,,,0
FEDDERSHOL,0.14,,,0
FEDERALBNK,-0.81,,,0
FEDFINA,2.16,,,0
FEL,0.0,,,0
FELDVR,-4.9,,,0
FELIX,-1.71,,,0
FERMENTA,0.27,,,0
FIBERWEB,-1.75,,,0
FICRF3GP,8.04,,,0
FIDEL,2.93,,,0
FIEMIND,-0.74,,,0
FILATEX,0.55,,,0
FILATFASH,0.0,,,0
FINBUD,-0.32,,,0
FINCABLES,3.13,,,0
FINEORG,0.98,,,0
FINIETF,-0.44,,,0
FINKURVE,0.25,,,0
FINOPB,-1.11,,,0
FINPIPE,2.49,,,0
FIRSTCRY,-0.66,,,0
FISCHER,-0.58,,,0
FIVESTAR,1.01,,,0
FLAIR,-0.61,,,0
FLEXIADD,-0.58,,,0
FLEXITUFF,-3.4,,,0
FLFL,-1.64,,,0
FLUOROCHEM,1.11,,,0
FLYSBS,-0.19,,,0
FMCGADD,0.96,,,0
FMCGIETF,-0.21,,,0
FMGOETZE,-0.2,,,0
FMNL,-1.16,,,0
FOCE,2.78,,,0
FOCUS,1.43,,,0
FONEBOX,5.0,,,0
FOODSIN,-0.77,,,0
FORCAS,0.14,,,0
FORCEMOT,0.82,,,0
FORGEAUTO,4.98,,,0
FORTIS,-0.54,,,0
FOSECOIND,1.17,,,0
FRACTAL,1.18,,,0
FRESHARA,-3.49,,,0
FROG,0.5,,,0
FRONTSP,0.31,,,0
FSL,-13.4,,-13.4,0
FUSION,2.51,,,0
FWSTC,-4.9,,,0
GABRIEL,-3.52,,,0
GAEL,1.65,,,0
GAIL,-0.32,,,0
GALAPREC,3.35,,,0
GALAXYSURF,-1.27,,,0
GALLANTT,-1.39,,,0
GANDHAR,4.99,,,0
GANDHITUBE,-0.42,,,0
GANECOS,-1.73,,,0
GANESHBE,-0.79,,,0
GANESHCP,-4.15,,,0
GANESHHOU,-2.17,,,0
GANESHIN,4.9,,,0
GANGABATH,3.1,,,0
GANGAFORGE,4.12,,,0
GANGESSECU,-1.67,,,0
GARFIBRES,5.2,,,0
GARUDA,2.29,,,0
GATECH,3.23,,,0
GATECHDVR,2.04,,,0
GATEWAY,1.57,,,0
GAUDIUMIVF,2.0,,,0
GAYAHWS,2.06,,,0
GAYAPROJ,4.21,,,0
GCHOTELS,-3.36,,,0
GCSL,1.26,,,0
GEECEE,0.19,,,0
GEEKAYWIRE,0.99,,,0
GEMAROMA,-0.95,,,0
GENCON,-0.28,,,0
GENESYS,-30.33,,-30.33,0
GENSOL,-1.72,,,0
GENUSPAPER,-0.71,,,0
GENUSPOWER,-0.03,,,0
GENXAI,-3.38,,,0
GEOJITFSL,2.07,,,0
GESHIP,-3.69,,,0
GFLLIMITED,4.28,,,0
GGBL,-0.55,,,0
GHCL,-0.03,,,0
GHCLTEXTIL,4.38,,,0
GICHSGFIN,-0.16,,,0
GICL,3.11,,,0
GICRE,-0.22,,,0
GILLANDERS,-2.43,,,0
GILLETTE,0.08,,,0
GILT10BETA,0.6,,,0
GILT5BETA,2.36,,,0
GILT5YBEES,0.26,,,0
GINNIFILA,-2.73,,,0
GIPCL,-0.98,,,0
GIRIRAJ,-4.33,,,0
GJL,4.41,,,0
GKENERGY,-1.2,,,0
GKSL,-0.46,,,0
GKWLIMITED,-1.04,,,0
GLAND,2.48,,,0
GLAXO,0.38,,,0
GLENMARK,0.49,,,0
GLFL,-4.26,,,0
GLOBAL,-3.4,,,0
GLOBALE,1.31,,,0
GLOBALPET,1.31,,,0
GLOBALVECT,0.74,,,0
GLOBE,-0.98,,,0
GLOBECIVIL,1.33,,,0
GLOBUSSPR,1.37,,,0
GLOSTERLTD,0.68,,,0
GLOTTIS,0.63,,,0
GMBREW,-0.08,,,0
GMDCLTD,2.91,,,0
GML,4.62,,,0
GMMPFAUDLR,14.32,14.32,,0
GMRAIRPORT,-0.38,,,0
GMRP&UI,2.26,,,0
GNA,0.1,,,0
GNFC,0.86,,,0
GNRL,1.25,,,0
GOACARBON,-1.13,,,0
GOCLCORP,-0.44,,,0
GOCOLORS,1.11,,,0
GODAVARIB,-4.51,,,0
GODFRYPHLP,-1.51,,,0
GODIGIT,-3.67,,,0
GODREJAGRO,-3.69,,,0
GODREJCP,0.78,,,0
GODREJIND,-1.18,,,0
GODREJPROP,-0.81,,,0
GOKEX,-1.12,,,0
GOKUL,1.47,,,0
GOKULAGRO,-1.32,,,0
GOLD1,2.42,,,0
GOLD360,2.34,,,0
GOLDADD,2.44,,,0
GOLDAXIS,2.74,,,0
GOLDBEES,2.59,,,0
GOLDBETA,2.51,,,0
GOLDBND,2.21,,,0
GOLDCASE,2.55,,,0
GOLDENTOBC,-3.65,,,0
GOLDETF,2.4,,,0
GOLDIAM,3.87,,,0
GOLDIETF,2.56,,,0
GOLDSTAR,0.74,,,0
GOLDTECH,-1.01,,,0
GOODLUCK,2.44,,,0
GOODYEAR,-1.44,,,0
GOPAL,-0.24,,,0
GOYALALUM,-0.46,,,0
GOYALSALT,1.11,,,0
GPECO,-1.05,,,0
GPIL,-0.64,,,0
GPPL,-0.28,,,0
GPTHEALTH,0.2,,,0
GPTINFRA,0.63,,,0
GRADIENTE,1.13,,,0
GRANDOAK,4.77,,,0
GRANULES,-0.76,,,0
GRAPHISAD,0.0,,,0
GRAPHITE,1.82,,,0
GRASIM,-0.12,,,0
GRAUWEIL,0.67,,,0
GRAVISSHO,-5.06,,,0
GRAVITA,1.79,,,0
GRCL,-4.99,,,0
GREAVESCOT,2.87,,,0
GREENCHEF,-2.36,,,0
GREENLAM,2.42,,,0
GREENPANEL,1.44,,,0
GREENPLY,-2.2,,,0
GREENPOWER,-0.7,,,0
GRETEX,4.46,,,0
GRINDWELL,0.33,,,0
GRINFRA,-0.84,,,0
GRMOVER,-0.88,,,0
GROBTEA,0.07,,,0
GROWW,-1.46,,,0
GROWWCAPM,-0.45,,,0
GROWWCHEM,1.61,,,0
GROWWDEFNC,2.48,,,0
GROWWEV,-0.88,,,0
GROWWGOLD,2.48,,,0
GROWWHOSPI,-0.57,,,0
GROWWLIQID,0.02,,,0
GROWWLOVOL,-0.37,,,0
GROWWMC150,-1.11,,,0
GROWWMETAL,0.0,,,0
GROWWMOM50,-0.09,,,0
GROWWN200,-0.09,,,0
GROWWNET,0.58,,,0
GROWWNIFTY,0.3,,,0
GROWWNXT50,0.28,,,0
GROWWPOWER,-1.12,,,0
GROWWPSE,0.13,,,0
GROWWPSUBK,2.61,,,0
GROWWRAIL,0.07,,,0
GROWWRLTY,-1.29,,,0
GROWWSC250,0.47,,,0
GROWWSLVR,0.41,,,0
GRPLTD,3.28,,,0
GRSE,3.67,,,0
GRWRHITECH,-0.96,,,0
GSEC10ABSL,0.0,,,0
GSEC10IETF,0.75,,,0
GSEC10YEAR,-0.13,,,0
GSEC5IETF,0.56,,,0
GSFC,0.12,,,0
GSLSU,1.95,,,0
GSMFOILS,-4.98,,,0
GSPCROP,-0.16,,,0
GSS,-3.42,,,0
GSTL,-2.14,,,0
GTECJAINX,3.69,,,0
GTL,-0.94,,,0
GTLINFRA,-3.15,,,0
GTPL,-0.08,,,0
GUFICBIO,2.54,,,0
GUJALKALI,0.51,,,0
GUJAPOLLO,0.14,,,0
GUJENERGY,1.12,,,0
GUJRAFFIA,-0.03,,,0
GUJTHEM,1.67,,,0
GULFOILLUB,2.11,,,0
GULFPETRO,4.99,,,0
GULPOLY,-0.81,,,0
GVKPIL,-0.83,,,0
GVPIL,-2.14,,,0
GVPTECH,-1.85,,,0
GVT&D,-0.98,,,0
GYFTR,-1.18,,,0
HAL,5.92,,,0
HALDER,1.64,,,0
HALDYNGL,-3.43,,,0
HALEOSLABS,0.77,,,0
HAPPSTMNDS,1.33,,,0
HAPPY,5.47,,,0
HAPPYFORGE,2.92,,,0
HARDWYN,0.27,,,0
HARIOMPIPE,-2.18,,,0
HARRMALAYA,-0.38,,,0
HARSHA,1.25,,,0
HATHWAY,-0.64,,,0
HATSUN,1.83,,,0
HAVELLS,-0.35,,,0
HAVISHA,-0.69,,,0
HAWKINCOOK,-0.72,,,0
HBESD,-3.49,,,0
HBLENGINE,-0.05,,,0
HBSL,-1.64,,,0
HCC,-1.64,,,0
HCG,1.34,,,0
HCL-INSYS,0.09,,,0
HCLTECH,-1.11,,,0
HDBFS,-0.05,,,0
HDFCAMC,-0.93,,,0
HDFCBANK,-0.1,,,0
HDFCBSE500,0.16,,,0
HDFCGOLD,2.43,,,0
HDFCGROWTH,-0.44,,,0
HDFCLIFE,-0.46,,,0
HDFCLIQUID,0.01,,,0
HDFCLOWVOL,-0.19,,,0
HDFCMID150,-0.21,,,0
HDFCMOMENT,-0.61,,,0
HDFCNEXT50,0.66,,,0
HDFCNIF100,0.72,,,0
HDFCNIFBAN,-0.08,,,0
HDFCNIFIT,0.09,,,0
HDFCNIFTY,0.21,,,0
HDFCNIMEG,-0.49,,,0
HDFCPSUBK,1.6,,,0
HDFCPVTBAN,0.0,,,0
HDFCQUAL,-0.5,,,0
HDFCSENSEX,0.15,,,0
HDFCSILVER,0.58,,,0
HDFCSML250,0.2,,,0
HDFCVALUE,0.76,,,0
HDIL,-0.62,,,0
HEADSUP,-0.28,,,0
HEALTHADD,1.63,,,0
HEALTHAXIS,0.21,,,0
HEALTHCARE,0.05,,,0
HEALTHIETF,0.27,,,0
HEALTHX,0.88,,,0
HEALTHY,-0.17,,,0
HECPROJECT,-0.05,,,0
HEG,-0.16,,,0
HEIDELBERG,0.43,,,0
HEMIPROP,-0.21,,,0
HERANBA,-0.07,,,0
HERITGFOOD,6.11,,,0
HEROMOTOCO,-2.45,,,0
HESTERBIO,1.04,,,0
HEXAGON,-2.1,,,0
HEXATRADEX,2.37,,,0
HEXT,-2.56,,,0
HFCL,-4.03,,,0
HGINFRA,1.73,,,0
HGM,-1.09,,,0
HGS,-0.11,,,0
HIGREEN,0.32,,,0
HIKAL,-4.79,,,0
HILINFRA,0.18,,,0
HILTON,0.77,,,0
HIMATSEIDE,-0.45,,,0
HINDALCO,-1.25,,,0
HINDCOMPOS,-1.17,,,0
HINDCON,-0.52,,,0
HINDCOPPER,2.28,,,0
HINDOILEXP,-0.63,,,0
HINDPETRO,0.01,,,0
HINDUNILVR,-0.28,,,0
HINDWAREAP,0.19,,,0
HINDZINC,-1.16,,,0
HIRECT,-2.5,,,0
HISARMETAL,0.59,,,0
HITECH,-0.41,,,0
HITECHCORP,-0.03,,,0
HITECHGEAR,-0.39,,,0
HLEGLAS,6.07,,,0
HLVLTD,0.42,,,0
HMAAGRO,1.21,,,0
HMT,-0.52,,,0
HMVL,-0.23,,,0
HNDFDS,-0.34,,,0
HNGSNGBEES,-0.5,,,0
HOACFOODS,-0.68,,,0
HOLMARC,4.99,,,0
HOMEFIRST,0.35,,,0
HOMESFY,1.75,,,0
HONASA,1.31,,,0
HONAUT,-0.16,,,0
HONDAPOWER,-0.43,,,0
HPAL,3.32,,,0
HPIL,-0.59,,,0
HPL,-1.02,,,0
HPTL,-4.99,,,0
HSBCGOLD,2.08,,,0
HSCL,1.61,,,0
HTMEDIA,-6.11,,,0
HUBTOWN,-0.98,,,0
HUDCO,-0.36,,,0
HUHTAMAKI,2.06,,,0
HYBRIDETF,0.2,,,0
HYBRIDFIN,-2.78,,,0
HYUNDAI,-0.29,,,0
IBLFL,0.0,,,0
IBULLSLTD,4.99,,,0
ICDSLTD,-6.43,,,0
ICELCO,-3.6,,,0
ICEMAKE,1.25,,,0
ICICIAMC,-0.05,,,0
ICICIB22,0.07,,,0
ICICIBANK,0.51,,,0
ICICIGI,-1.54,,,0
ICICIPRULI,-1.85,,,0
ICIL,0.69,,,0
ICRA,1.04,,,0
IDBI,0.26,,,0
IDEA,-1.33,,,0
IDEAFORGE,5.0,,,0
IDEALTECHO,-5.28,,,0
IDENTICAL,6.25,,,0
IDFCFIRSTB,0.06,,,0
IDFNIFTYET,1.29,,,0
IEML,3.71,,,0
IEX,-0.59,,,0
IFBAGRO,-1.03,,,0
IFBIND,-0.15,,,0
IFCI,-0.97,,,0
IFGLEXPOR,2.65,,,0
IGARASHI,7.1,,,0
IGCL,-0.45,,,0
IGIL,-0.96,,,0
IGL,0.16,,,0
IGPL,-2.23,,,0
IHFL261224,-0.95,,,0
IIFL,-0.14,,,0
IIFL060326,2.3,,,0
IIFLCAPS,0.03,,,0
IIFLZC26,0.0,,,0
IIFLZC28,-0.0,,,0
IITL,-0.53,,,0
IKIO,-1.76,,,0
IKS,-6.1,,,0
IL&FSENGG,1.49,,,0
IL&FSTRANS,-1.88,,,0
IMAGICAA,3.0,,,0
IMC1,-0.09,,,0
IMFA,1.36,,,0
IMPAL,-1.65,,,0
IMPEXFERRO,4.86,,,0
INA,-0.79,,,0
INCREDIBLE,0.06,,,0
INDBANK,-0.43,,,0
INDGN,16.15,16.15,,0
INDGN,1.83,16.15,,0
INDHOTEL,-0.68,,,0
INDIACEM,0.06,,,0
INDIAGLYCO,-0.37,,,0
INDIAMART,-0.69,,,0
INDIANB,2.8,,,0
INDIANCARD,-0.83,,,0
INDIANHUME,-0.64,,,0
INDIASHLTR,0.29,,,0
INDIFRA,4.82,,,0
INDIGO,-1.51,,,0
INDIGOPNTS,3.47,,,0
INDIGRID,0.34,,,0
INDIQUBE,4.63,,,0
INDNIPPON,1.4,,,0
INDOAMIN,2.54,,,0
INDOBORAX,-0.49,,,0
INDOCO,-0.4,,,0
INDOFARM,0.76,,,0
INDOMIM,9.58,,,0
INDORAMA,-3.93,,,0
INDOSTAR,-0.13,,,0
INDOTECH,5.0,,,0
INDOTHAI,-10.0,,-10.0,0
INDOUS,-1.41,,,0
INDOWIND,-0.22,,,0
INDPRUD,1.99,,,0
INDRAMEDCO,-1.75,,,0
INDSWFTLAB,-1.71,,,0
INDTERRAIN,1.51,,,0
INDUSINDBK,-0.27,,,0
INDUSINVIT,3.02,,,0
INDUSTOWER,-0.66,,,0
INFINIUM,2.41,,,0
INFLUX,-1.98,,,0
INFOBEAN,-1.09,,,0
INFOLLION,0.03,,,0
INFOMEDIA,-0.55,,,0
INFRA,0.0,,,0
INFRABEES,0.33,,,0
INFRAIETF,0.23,,,0
INFY,-0.77,,,0
INGERRAND,0.77,,,0
INM,-2.92,,,0
INNOMET,1.99,,,0
INNOVACAP,0.96,,,0
INNOVANA,0.23,,,0
INNOVISION,-0.24,,,0
INOXGREEN,-1.3,,,0
INOXINDIA,0.87,,,0
INOXWIND,-0.84,,,0
INSECTICID,0.25,,,0
INSPIRE,0.0,,,0
INSPIRISYS,-1.14,,,0
INSUREIETF,-0.83,,,0
INTELLECT,-3.29,,,0
INTENTECH,-2.63,,,0
INTERARCH,0.78,,,0
INTERNET,0.22,,,0
INTLCONV,-0.7,,,0
INVENTURE,1.1,,,0
INVICTA,1.28,,,0
INVPRECQ,0.5,,,0
IOB,1.75,,,0
IOC,-0.93,,,0
IOLCP,-0.14,,,0
IONEXCHANG,-7.05,,,0
IPCALAB,-1.75,,,0
IPHL,-3.71,,,0
IPL,0.14,,,0
IRB,-0.8,,,0
IRBINVIT,0.39,,,0
IRCON,0.57,,,0
IRCTC,2.0,,,0
IREDA,0.27,,,0
IRFC,0.44,,,0
IRIS,-2.03,,,0
IRISDOREME,1.01,,,0
IRMENERGY,5.76,,,0
ISFT,-1.55,,,0
ISGEC,-1.28,,,0
ISHAN,0.0,,,0
ISHANCH,-3.87,,,0
IT,-0.49,,,0
ITADD,-0.69,,,0
ITALIANE,0.0,,,0
ITAXIS,-1.17,,,0
ITBEES,-0.46,,,0
ITBETA,-2.01,,,0
ITC,-0.37,,,0
ITCHOTELS,1.27,,,0
ITDC,0.4,,,0
ITETF,-0.69,,,0
ITI,2.01,,,0
ITIETF,-0.8,,,0
ITTL,-1.95,,,0
IVALUE,-0.29,,,0
IVC,1.12,,,0
IVP,1.27,,,0
IVZINGOLD,2.47,,,0
IVZINNIFTY,-0.33,,,0
IWARE,0.65,,,0
IWP,-0.06,,,0
IXIGO,-1.02,,,0
IZMO,-0.85,,,0
J&KBANK,2.31,,,0
JAGRAN,-0.11,,,0
JAGSNPHARM,-0.66,,,0
JAIBALAJI,1.08,,,0
JAICORPLTD,-0.36,,,0
JAINAM,4.6,,,0
JAINIK,-1.73,,,0
JAINREC,-2.23,,,0
JAIPURKURT,-2.82,,,0
JAMNAAUTO,0.49,,,0
JARO,-0.04,,,0
JASH,-0.25,,,0
JAYAGROGN,0.12,,,0
JAYBARMARU,-4.99,,,0
JAYBEE,0.06,,,0
JAYESH,-1.63,,,0
JAYKAY,-0.31,,,0
JAYNECOIND,0.87,,,0
JAYSREETEA,0.45,,,0
JBMA,-0.83,,,0
JETFREIGHT,1.5,,,0
JEYYAM,-0.21,,,0
JFLLIFE,-4.73,,,0
JGCHEM,-1.6,,,0
JHS,0.52,,,0
JINDALPHOT,-0.47,,,0
JINDALPOLY,1.01,,,0
JINDALSAW,-0.13,,,0
JINDALSTEL,-1.11,,,0
JINDRILL,-0.73,,,0
JINDWORLD,-1.66,,,0
JIOFIN,0.44,,,0
JISLDVREQS,2.25,,,0
JISLJALEQS,0.61,,,0
JITFINFRA,-2.9,,,0
JIWANRAM,-1.0,,,0
JKCEMENT,-1.16,,,0
JKIL,0.34,,,0
JKIPL,-2.99,,,0
JKLAKSHMI,0.0,,,0
JKPAPER,1.03,,,0
JKTYRE,-0.47,,,0
JLHL,-1.45,,,0
JMA,-2.44,,,0
JMFINANCIL,2.9,,,0
JNKINDIA,0.5,,,0
JNPR,15.43,15.43,,0
JOCIL,1.73,,,0
JPOLYINVST,2.08,,,0
JPPOWER,-1.2,,,0
JSFB,-2.03,,,0
JSL,-1.61,,,0
JSLL,4.32,,,0
JSWCEMENT,0.44,,,0
JSWDULUX,1.82,,,0
JSWENERGY,-0.8,,,0
JSWHL,-1.99,,,0
JSWINFRA,-2.06,,,0
JSWSTEEL,-1.66,,,0
JTEKTINDIA,0.24,,,0
JTLIND,-1.69,,,0
JUBLCPL,-0.18,,,0
JUBLFOOD,-2.47,,,0
JUBLINGREA,1.46,,,0
JUBLPHARMA,0.17,,,0
JUNIORBEES,0.19,,,0
JUNIPER,-0.93,,,0
JUSTDIAL,-0.21,,,0
JWL,1.26,,,0
JYOTHYLAB,0.83,,,0
JYOTICNC,0.62,,,0
JYOTIGLOBL,6.82,,,0
JYOTISTRUC,-3.38,,,0
K2INFRA,-0.92,,,0
KABRAEXTRU,5.11,,,0
KAJARIACER,-0.89,,,0
KAKATCEM,-2.67,,,0
KALAMANDIR,-0.69,,,0
KALANA,1.08,,,0
KALPATARU,-1.34,,,0
KALYANIFRG,-1.36,,,0
KALYANKJIL,5.0,,,0
KAMAHOLD,0.05,,,0
KAMATHOTEL,-0.41,,,0
KAMDHENU,1.27,,,0
KAMOPAINTS,-0.65,,,0
KANANIIND,-0.66,,,0
KANCHI,0.0,,,0
KANDARP,0.51,,,0
KANORICHEM,1.04,,,0
KANPRPLA,-1.21,,,0
KANSAINER,0.35,,,0
KAPSTON,-3.26,,,0
KARMAENG,0.83,,,0
KARNIKA,-0.17,,,0
KARURVYSYA,-0.04,,,0
KAUSHALYA,2.94,,,0
KAVDEFENCE,-0.3,,,0
KAYA,-0.02,,,0
KAYNES,-1.74,,,0
KAYTEX,2.0,,,0
KCEIL,-2.5,,,0
KCK,-4.89,,,0
KCP,-2.27,,,0
KCPSUGIND,-2.35,,,0
KDDL,0.05,,,0
KDL,-4.23,,,0
KEC,0.45,,,0
KECL,-1.21,,,0
KEEPLEARN,3.57,,,0
KEI,0.32,,,0
KELLTONTEC,0.14,,,0
KEN,-1.17,,,0
KENNAMET,2.13,,,0
KERNEX,-4.58,,,0
KESORAMIND,-1.96,,,0
KEYFINSERV,-2.28,,,0
KFINTECH,-1.98,,,0
KHADIM,0.27,,,0
KHAICHEM,1.67,,,0
KHAITANLTD,1.18,,,0
KHANDSE,-2.01,,,0
KICL,0.11,,,0
KILITCH,0.44,,,0
KIMS,0.8,,,0
KINGFA,3.5,,,0
KIOCL,0.64,,,0
KIRANVYPAR,-2.96,,,0
KIRIINDUS,4.14,,,0
KIRLFER,-3.66,,,0
KIRLOSBROS,-1.28,,,0
KIRLOSENG,0.33,,,0
KIRLOSIND,-0.96,,,0
KIRLPNU,-0.19,,,0
KISSHT,-1.12,,,0
KITEX,-0.28,,,0
KKCL,-4.39,,,0
KKJEWELS,-2.05,,,0
KKVAPOW,-5.0,,,0
KLBRENG-B,0.3,,,0
KLL,-0.44,,,0
KMEW,-0.9,,,0
KMSUGAR,-0.73,,,0
KNACK,-2.64,,,0
KNAGRI,1.78,,,0
KNRCON,5.56,,,0
KODYTECH,-1.56,,,0
KOHINOOR,0.43,,,0
KOKUYOCMLN,1.89,,,0
KOLTEPATIL,9.35,,,0
KONSTELEC,-0.38,,,0
KONTOR,-3.42,,,0
KOPRAN,-2.67,,,0
KORE,0.0,,,0
KOTAKBANK,-1.5,,,0
KOTARISUG,0.46,,,0
KOTHARIPET,3.75,,,0
KOTHARIPRO,-0.38,,,0
KOTIC,0.43,,,0
KOTYARK,4.99,,,0
KOVAI,-0.57,,,0
KPEL,-2.08,,,0
KPIGREEN,-0.44,,,0
KPIL,0.87,,,0
KPITTECH,0.0,,,0
KPL,3.63,,,0
KPRMILL,0.7,,,0
KRBL,-0.23,,,0
KREBSBIO,0.72,,,0
KRIDHANINF,-2.56,,,0
KRISHANA,0.37,,,0
KRISHCA,-1.31,,,0
KRISHIVAL,0.61,,,0
KRISHNADEF,3.23,,,0
KRITI,-0.6,,,0
KRITIKA,-0.69,,,0
KRITINUT,5.54,,,0
KRMAYURVED,0.47,,,0
KRN,0.08,,,0
KRONOX,3.12,,,0
KROSS,-2.37,,,0
KRSNAA,-0.28,,,0
KRT,0.09,,,0
KRYSTAL,-0.01,,,0
KSB,-0.49,,,0
KSCL,-1.36,,,0
KSHINTL,-0.48,,,0
KSHITIJPOL,-1.38,,,0
KSL,-0.02,,,0
KSOLVES,1.16,,,0
KSR,-1.46,,,0
KTKBANK,2.39,,,0
KUANTUM,0.7,,,0
KUSUMGAR,1.66,,,0
KWIL,7.04,,,0
LAGNAM,-2.19,,,0
LAHOTIOV,-1.69,,,0
LAKPRE,2.97,,,0
LAKSHYA,-2.65,,,0
LAL,4.14,,,0
LALPATHLAB,2.17,,,0
LAMBODHARA,-1.24,,,0
LAMOSAIC,2.46,,,0
LANCORHOL,-3.0,,,0
LANDMARK,-0.03,,,0
LANDSMILL,-1.23,,,0
LAOPALA,-1.18,,,0
LASA,2.48,,,0
LASERPOWER,0.62,,,0
LATENTVIEW,0.95,,,0
LATTEYS,3.19,,,0
LAURUSLABS,-0.27,,,0
LAXMICOT,4.38,,,0
LAXMIDENTL,-0.46,,,0
LAXMIINDIA,0.38,,,0
LCCINFOTEC,-4.2,,,0
LCL,3.42,,,0
LEMERITE,1.75,,,0
LEMONTREE,0.1,,,0
LENSKART,-1.34,,,0
LEXUS,1.65,,,0
LFIC,-1.89,,,0
LGBBROSLTD,0.38,,,0
LGEINDIA,-0.02,,,0
LGHL,-0.07,,,0
LIBAS,-0.41,,,0
LIBERTSHOE,-1.47,,,0
LICHSGFIN,-1.38,,,0
LICI,-1.39,,,0
LICMFGOLD,2.31,,,0
LICNETFGSC,0.2,,,0
LICNETFN50,-0.13,,,0
LICNETFSEN,0.14,,,0
LICNFNHGP,-0.12,,,0
LICNMID100,-0.4,,,0
LIKHITHA,-0.34,,,0
LINC,0.33,,,0
LINCOLN,-0.76,,,0
LINDEINDIA,0.91,,,0
LIQGRWBEES,0.01,,,0
LIQUID,0.0,,,0
LIQUID1,0.01,,,0
LIQUIDADD,0.01,,,0
LIQUIDBEES,-0.0,,,0
LIQUIDBETF,0.01,,,0
LIQUIDCASE,0.02,,,0
LIQUIDETF,0.0,,,0
LIQUIDIETF,0.0,,,0
LIQUIDPLUS,0.01,,,0
LIQUIDSBI,0.0,,,0
LIQUIDSHRI,0.01,,,0
LLOYDS,-4.22,,,0
LLOYDSENGG,-5.17,,,0
LLOYDSENT,-2.41,,,0
LLOYDSME,-1.35,,,0
LMW,1.61,,,0
LODHA,-2.88,,,0
LOKESHMACH,2.0,,,0
LORDSCHLO,1.4,,,0
LOTUSDEV,1.34,,,0
LOTUSEYE,-0.5,,,0
LOVABLE,0.62,,,0
LOWVOL,0.12,,,0
LOWVOL1,-0.86,,,0
LOWVOLIETF,-0.04,,,0
LOYALTEX,2.16,,,0
LPDC,0.78,,,0
LT,0.12,,,0
LTF,-0.55,,,0
LTFOODS,0.54,,,0
LTGILTBEES,0.13,,,0
LTGILTCASE,0.1,,,0
LTM,0.49,,,0
LTTS,-0.56,,,0
LUMAXIND,0.03,,,0
LUMAXTECH,0.02,,,0
LUPIN,-0.13,,,0
LUXIND,-1.62,,,0
LXCHEM,-1.05,,,0
LYKALABS,-2.7,,,0
M&M,-1.43,,,0
M&MFIN,-2.41,,,0
MAANALU,1.19,,,0
MACPOWER,3.0,,,0
MADHAV,-0.06,,,0
MADHAVBAUG,-0.99,,,0
MADHAVIPL,-2.51,,,0
MADHUCON,1.74,,,0
MADHUSUDAN,-3.18,,,0
MADRASFERT,0.33,,,0
MAFANG,3.49,,,0
MAFATIND,-0.95,,,0
MAGADSUGAR,1.04,,,0
MAGNUM,0.46,,,0
MAGSON,0.0,,,0
MAHABANK,-1.3,,,0
MAHAPEXLTD,-4.31,,,0
MAHASTEEL,-4.9,,,0
MAHEPC,0.08,,,0
MAHESHWARI,0.0,,,0
MAHICKRA,6.59,,,0
MAHKTECH,0.08,,,0
MAHLIFE,0.93,,,0
MAHLOG,0.1,,,0
MAHSCOOTER,-0.12,,,0
MAHSEAMLES,0.21,,,0
MAITHANALL,-0.09,,,0
MAITREYA,1.89,,,0
MAJESAUT,1.55,,,0
MAKEINDIA,0.19,,,0
MAL,0.95,,,0
MALLCOM,0.24,,,0
MALUPAPER,1.35,,,0
MAMATA,-0.01,,,0
MANAKALUCO,7.72,,,0
MANAKCOAT,-3.43,,,0
MANAKSIA,0.7,,,0
MANAKSTEEL,8.35,,,0
MANALIPETC,-0.18,,,0
MANAPPURAM,0.11,,,0
MANBA,-0.43,,,0
MANCREDIT,3.04,,,0
MANDEEP,5.0,,,0
MANGALAM,-0.18,,,0
MANGLMCEM,-0.83,,,0
MANINDS,3.57,,,0
MANINFRA,-2.7,,,0
MANIPALHOS,-2.47,,,0
MANKIND,-0.63,,,0
MANOMAY,1.11,,,0
MANORAMA,1.0,,,0
MANORG,-0.45,,,0
MANUFGBEES,0.3,,,0
MANUGRAPH,2.08,,,0
MANYAVAR,-0.79,,,0
MAPMYINDIA,2.32,,,0
MARALOVER,-2.05,,,0
MARATHON,-0.36,,,0
MARC,-1.69,,,0
MARICO,0.94,,,0
MARINE,5.35,,,0
MARKOLINES,1.93,,,0
MARKSANS,-0.65,,,0
MARSONS,-0.07,,,0
MARUSHIKA,2.9,,,0
MARUTI,-0.78,,,0
MASFIN,0.9,,,0
MASKINVEST,1.67,,,0
MASON,-0.76,,,0
MASPTOP50,2.16,,,0
MASTEK,-0.27,,,0
MASTER,-2.06,,,0
MASTERTR,-2.16,,,0
MATRIMONY,4.76,,,0
MAWANASUG,-3.79,,,0
MAXESTATES,3.53,,,0
MAXHEALTH,-0.7,,,0
MAXIND,0.93,,,0
MAXPOSURE,-1.49,,,0
MAXVOLT,-1.84,,,0
MAYURUNIQ,0.64,,,0
MAZDA,0.49,,,0
MAZDOCK,6.28,,,0
MBAPL,2.2,,,0
MBEL,0.12,,,0
MBLINFRA,-0.67,,,0
MCCHRLS-B,0.17,,,0
MCL,4.07,,,0
MCLEODRUSS,-4.98,,,0
MCLOUD,0.56,,,0
MCON,-1.91,,,0
MCX,1.59,,,0
MDL,4.51,,,0
MEDANTA,2.41,,,0
MEDIASSIST,1.32,,,0
MEDICAMEQ,-2.24,,,0
MEDICO,-1.67,,,0
MEDIORG,-4.93,,,0
MEDPLUS,-0.01,,,0
MEESHO,-1.89,,,0
MEGASTAR,-1.74,,,0
MEGATHERM,0.48,,,0
MEIL,-1.45,,,0
MENNPIS,1.59,,,0
MENONBE,-1.31,,,0
MEP,1.82,,,0
MERCANTILE,-2.93,,,0
MERCURYEV,1.22,,,0
METAL,-0.75,,,0
METALIC,4.5,,,0
METALIETF,-0.68,,,0
METROBRAND,-1.99,,,0
METROGLOBL,3.85,,,0
METROPOLIS,-2.11,,,0
MFML,1.78,,,0
MFSL,-0.28,,,0
MGEL,-3.16,,,0
MGL,0.77,,,0
MGSL,-2.88,,,0
MHLXMIRU,-3.12,,,0
MHRIL,-0.97,,,0
MICEL,0.67,,,0
MID150,0.08,,,0
MID150BEES,-0.23,,,0
MID150CASE,-0.17,,,0
MIDCAP,-0.54,,,0
MIDCAPADD,0.73,,,0
MIDCAPBETA,-0.44,,,0
MIDCAPETF,0.21,,,0
MIDCAPIETF,-0.29,,,0
MIDHANI,4.35,,,0
MIDQ50ADD,-0.43,,,0
MIDSELIETF,-0.3,,,0
MIDSMALL,0.23,,,0
MIDWESTLTD,-0.08,,,0
MINDACORP,-0.84,,,0
MINDSPACE,0.49,,,0
MINDTECK,2.5,,,0
MIRZAINT,-1.09,,,0
MITCON,0.08,,,0
MITTAL,0.0,,,0
MKPL,-1.66,,,0
MMEL,-0.17,,,0
MMFL,5.78,,,0
MMP,0.27,,,0
MMTC,0.42,,,0
MMWL,3.72,,,0
MNC,-0.43,,,0
MOALPHA50,0.85,,,0
MOBANK10,-0.7,,,0
MOBIKWIK,0.54,,,0
MOBILISE,4.41,,,0
MOCAPITAL,-0.32,,,0
MODEFENCE,3.04,,,0
MODINATUR,-2.02,,,0
MODIRUBBER,-1.97,,,0
MODIS,0.12,,,0
MODISONLTD,-1.04,,,0
MODTHREAD,-4.74,,,0
MOENERGY,-0.15,,,0
MOGOLD,2.35,,,0
MOGSEC,0.95,,,0
MOHEALTH,0.64,,,0
MOHITIND,-4.53,,,0
MOIL,-0.09,,,0
MOINFRA,-0.41,,,0
MOIPO,-0.08,,,0
MOKSH,5.39,,,0
MOL,-2.08,,,0
MOLDTECH,19.35,19.35,,0
MOLDTKPAC,-0.3,,,0
MOLOWVOL,-0.11,,,0
MOM100,-0.16,,,0
MOM30IETF,-0.06,,,0
MOM50,0.49,,,0
MOMENTUM,-2.01,,,0
MOMENTUM30,-0.29,,,0
MOMENTUM50,-0.02,,,0
MOMETAL,2.25,,,0
MOMGF,0.76,,,0
MOMIDMTM,0.62,,,0
MOMMIDCAP,0.23,,,0
MOMNC,0.27,,,0
MOMOMENTUM,0.26,,,0
MON100,3.28,,,0
MON50EQUAL,0.73,,,0
MONARCH,-0.5,,,0
MONEXT50,-0.34,,,0
MONEYBOXX,1.39,,,0
MONIFTY100,0.93,,,0
MONIFTY500,0.29,,,0
MONOLITH,2.59,,,0
MONOPHARMA,-4.62,,,0
MONQ50,3.06,,,0
MONTECARLO,-0.4,,,0
MOOILGAS,0.0,,,0
MOPSE,0.26,,,0
MOQUALITY,0.45,,,0
MOREALTY,-1.41,,,0
MOREPENLAB,3.21,,,0
MOS,0.5,,,0
MOSCHIP,0.31,,,0
MOSERVICE,0.28,,,0
MOSILVER,0.58,,,0
MOSMALL250,0.22,,,0
MOTHERSON,0.42,,,0
MOTILALOFS,-0.68,,,0
MOTISONS,-0.07,,,0
MOTOGENFIN,-0.27,,,0
MOTOUR,-0.86,,,0
MOVALUE,0.43,,,0
MPEL,0.0,,,0
MPHASIS,-1.55,,,0
MPSLTD,-3.82,,,0
MRF,-0.35,,,0
MRPL,-1.87,,,0
MSCI360,1.17,,,0
MSCIADD,0.17,,,0
MSCIINDIA,0.73,,,0
MSPL,4.63,,,0
MSTCLTD,0.55,,,0
MSUMI,0.1,,,0
MTARTECH,4.99,,,0
MTEDUCARE,-2.02,,,0
MTNL,-0.04,,,0
MUFIN,-0.28,,,0
MUFTI,7.04,,,0
MUKANDLTD,0.79,,,0
MUKKA,0.52,,,0
MUKTAARTS,3.23,,,0
MULTICAP,0.06,,,0
MUNISH,-0.37,,,0
MUNJALAU,-0.71,,,0
MUNJALSHOW,-2.59,,,0
MURUDCERA,-0.48,,,0
MUTHOOTCAP,1.05,,,0
MUTHOOTFIN,0.08,,,0
MUTHOOTMF,-3.57,,,0
MVELECTRO,46.82,46.82,,0
MVGJL,-1.95,,,0
MVKAGRO,-5.0,,,0
MWL,0.44,,,0
MYMUDRA,-0.62,,,0
NACLIND,-1.49,,,0
NAGREEKCAP,-0.96,,,0
NAGREEKEXP,0.66,,,0
NAHARCAP,3.48,,,0
NAHARINDUS,2.57,,,0
NAHARPOLY,-12.25,,-12.25,0
NAHARSPING,-5.82,,,0
NAM-INDIA,-1.23,,,0
NAMAN,0.0,,,0
NAMOEWASTE,-0.6,,,0
NARMADA,-7.73,,-7.73,0
NATCAPSUQ,1.19,,,0
NATCOPHARM,-0.55,,,0
NATHBIOGEN,-2.35,,,0
NATIONALUM,0.0,,,0
NATIONSTD,-5.0,,,0
NAUKRI,-0.16,,,0
NAVA,2.1,,,0
NAVINFLUOR,13.67,13.67,,0
NAVKARCORP,-1.19,,,0
NAVKARURB,0.0,,,0
NAVNETEDUL,0.45,,,0
NAZARA,1.16,,,0
NBCC,0.26,,,0
NBIFIN,1.25,,,0
NCC,0.11,,,0
NCLIND,2.21,,,0
NDGL,-0.24,,,0
NDL,-2.53,,,0
NDLVENTURE,0.83,,,0
NDRAUTO,-1.45,,,0
NDTV,0.27,,,0
NEAGI,-0.47,,,0
NECCLTD,-0.72,,,0
NECLIFE,-1.04,,,0
NEELAM,-4.32,,,0
NELCAST,-1.06,,,0
NELCO,-1.14,,,0
NEOCHEM,3.42,,,0
NEOGEN,0.93,,,0
NEPHROCARE,4.94,,,0
NEPHROPLUS,-2.57,,,0
NEPTUNE,0.24,,,0
NESCO,-0.02,,,0
NESTLEIND,0.99,,,0
NETF,0.52,,,0
NETWEB,-1.59,,,0
NETWORK18,1.05,,,0
NEULANDLAB,7.95,,,0
NEWGEN,-2.54,,,0
NEWJAISA,4.79,,,0
NEXT30ADD,0.23,,,0
NEXT50,0.33,,,0
NEXT50ADD,0.36,,,0
NEXT50BETA,0.01,,,0
NEXT50ETF,-2.11,,,0
NEXT50IETF,0.38,,,0
NEXTMEDIA,1.28,,,0
NFL,0.28,,,0
NFPSAMPOOR,-1.49,,,0
NGIL,-3.39,,,0
NGLFINE,0.01,,,0
NH,-0.95,,,0
NHPC,-1.4,,,0
NIACL,-2.63,,,0
NIBE,1.7,,,0
NIBL,-6.48,,,0
NIDAN,-0.75,,,0
NIF100BEES,-0.19,,,0
NIF100IETF,0.38,,,0
NIFTY1,0.14,,,0
NIFTY100EW,0.39,,,0
NIFTYADD,0.07,,,0
NIFTYAXIS,0.08,,,0
NIFTYBEES,0.23,,,0
NIFTYBETA,0.6,,,0
NIFTYBETF,0.34,,,0
NIFTYCASE,0.51,,,0
NIFTYETF,0.35,,,0
NIFTYIETF,0.21,,,0
NIFTYQLITY,-0.05,,,0
NIITLTD,-0.52,,,0
NIITMTS,-1.64,,,0
NIKITA,0.0,,,0
NILAINFRA,1.6,,,0
NILASPACES,-0.81,,,0
NILE,-2.15,,,0
NILKAMAL,-1.37,,,0
NIMBSPROJ,-4.23,,,0
NINSYS,1.89,,,0
NIPPOBATRY,1.96,,,0
NIRAJ,1.06,,,0
NIRLON,-0.09,,,0
NIRMAN,9.76,,,0
NITCO,-1.31,,,0
NITINSPIN,-1.07,,,0
NITIRAJ,-0.19,,,0
NITTAGELA,1.27,,,0
NIVABUPA,-0.41,,,0
NKIND,4.49,,,0
NLCINDIA,0.23,,,0
NMDC,0.47,,,0
NOCIL,-1.32,,,0
NOIDATOLL,-1.13,,,0
NORBTEAEXP,-1.75,,,0
NORTHARC,-1.67,,,0
NOVAAGRI,-0.13,,,0
NOVARTIND,-1.54,,,0
NPBET,0.31,,,0
NPST,-1.86,,,0
NRAIL,6.95,,,0
NRBBEARING,-2.64,,,0
NRL,2.0,,,0
NRVANDANA,-0.72,,,0
NSIL,-0.06,,,0
NSLNISP,0.09,,,0
NTPC,-1.4,,,0
NTPCGREEN,0.74,,,0
NUCLEUS,1.26,,,0
NURECA,-1.54,,,0
NUVAMA,-1.06,,,0
NUVOCO,1.95,,,0
NV20,-0.42,,,0
NV20BEES,0.17,,,0
NV20IETF,-0.07,,,0
NXST,-1.01,,,0
NYKAA,-1.01,,,0
OAL,1.28,,,0
OBCL,0.0,,,0
OBEROIRLTY,-1.63,,,0
OBSCP,5.67,,,0
OCCLLTD,-5.0,,,0
ODIGMA,0.7,,,0
OFSS,-0.2,,,0
OIL,0.0,,,0
OILCOUNTUB,-1.36,,,0
OILIETF,2.04,,,0
OLAELEC,0.0,,,0
OLECTRA,0.0,,,0
OLIL,2.08,,,0
OMAXAUTO,1.13,,,0
OMAXE,1.88,,,0
OMFREIGHT,1.85,,,0
OMFURN,-3.37,,,0
OMINFRAL,0.35,,,0
OMNI,-14.41,,-14.41,0
OMPOWER,2.09,,,0
ONDOOR,0.99,,,0
ONELIFECAP,-1.08,,,0
ONEPOINT,-0.16,,,0
ONESOURCE,0.22,,,0
ONGC,-1.0,,,0
ONIDA,-1.44,,,0
ONMOBILE,-3.13,,,0
ONWARDTEC,-1.05,,,0
ONYX,-4.44,,,0
OPTIEMUS,-1.57,,,0
OPTIVALUE,1.94,,,0
ORBTEXP,0.0,,,0
ORCHASP,-1.24,,,0
ORCHPHARMA,0.73,,,0
ORIANA,2.62,,,0
ORICONENT,1.01,,,0
ORIENTALTL,0.19,,,0
ORIENTBELL,0.21,,,0
ORIENTCEM,-1.56,,,0
ORIENTCER,0.49,,,0
ORIENTELEC,-0.88,,,0
ORIENTHOT,-1.93,,,0
ORIENTLTD,0.64,,,0
ORIENTPPR,-0.26,,,0
ORIENTTECH,-0.42,,,0
ORISSAMINE,-2.07,,,0
ORKLAINDIA,-2.05,,,0
ORTEL,4.93,,,0
ORTINGLOBE,0.33,,,0
OSELDEVICE,-2.22,,,0
OSIAHYPER,-2.14,,,0
OSWALAGRO,3.68,,,0
OSWALGREEN,0.32,,,0
OSWALPUMPS,-1.01,,,0
OSWALSEEDS,-0.95,,,0
OWAIS,-1.29,,,0
PACEDIGITK,-6.92,,,0
PAGEIND,-0.76,,,0
PAISALO,-0.23,,,0
PAKKA,-0.95,,,0
PALASHSECU,-1.64,,,0
PALREDTEC,0.34,,,0
PANACEABIO,-0.05,,,0
PANACHE,0.65,,,0
PANAMAPET,8.73,,,0
PANSARI,-1.19,,,0
PAR,2.05,,,0
PARACABLES,2.63,,,0
PARADEEP,0.97,,,0
PARAGMILK,-0.68,,,0
PARAGON,0.93,,,0
PARAS,1.65,,,0
PARASPETRO,3.82,,,0
PARIN,-1.76,,,0
PARKHOSPS,2.6,,,0
PARKHOTELS,-0.94,,,0
PARSVNATH,-1.75,,,0
PARTH,-2.04,,,0
PARTYCRUS,3.86,,,0
PASHUPATI,0.52,,,0
PASUPTAC,-3.43,,,0
PATANJALI,-0.56,,,0
PATELENG,0.07,,,0
PATELRMART,-1.56,,,0
PATILAUTOM,4.99,,,0
PATINTLOG,1.65,,,0
PAUSHAKLTD,-2.93,,,0
PAVNAIND,9.59,,,0
PAYTM,0.91,,,0
PCBL,-1.41,,,0
PCCL,-2.02,,,0
PCJEWELLER,-1.22,,,0
PDMJEPAPER,2.57,,,0
PDSL,0.07,,,0
PEARLPOLY,-1.92,,,0
PELATRO,-7.83,,-7.83,0
PENIND,-1.83,,,0
PENINLAND,1.99,,,0
PERFECT,-3.64,,,0
PERSISTENT,-1.1,,,0
PETRONET,-1.37,,,0
PFC,0.0,,,0
PFCL41A,0.0,,,0
PFIZER,-0.16,,,0
PFOCUS,-2.6,,,0
PFS,-0.14,,,0
PGEL,1.12,,,0
PGHH,-0.01,,,0
PGHL,-6.13,,,0
PGIL,5.56,,,0
PGINVIT,1.1,,,0
PHANTOMFX,0.52,,,0
PHARMABEES,-0.15,,,0
PHOENIXLTD,-0.91,,,0
PHOGLOBAL,2.5,,,0
PICCADIL,-2.36,,,0
PIDILITIND,1.26,,,0
PIGL,-2.6,,,0
PIIND,-0.5,,,0
PILANIINVS,-0.54,,,0
PILITA,-0.58,,,0
PINELABS,5.56,,,0
PIONEEREMB,0.16,,,0
PIONRINV,-3.46,,,0
PIRAMALFIN,-1.26,,,0
PITTIENG,-0.97,,,0
PIXTRANS,-1.39,,,0
PLADAINFO,-4.31,,,0
PLASTIBLEN,3.94,,,0
PLATIND,-0.58,,,0
PLAZACABLE,-0.4,,,0
PML,-1.04,,,0
PNB,0.66,,,0
PNBGILTS,-2.09,,,0
PNBHOUSING,2.53,,,0
PNC,-0.92,,,0
PNCINFRA,-5.81,,,0
PNGJL,-3.57,,,0
PNGSREVA,-2.28,,,0
POCL,-4.85,,,0
PODDARMENT,2.9,,,0
POKARNA,0.17,,,0
POLICYBZR,-1.3,,,0
POLYCAB,1.25,,,0
POLYMED,0.05,,,0
POLYPLEX,-0.33,,,0
POLYSIL,-5.0,,,0
PONNIERODE,-0.09,,,0
POONAWALLA,2.1,,,0
POSITRON,-0.35,,,0
POWERGRID,-3.9,,,0
POWERICA,-4.49,,,0
POWERINDIA,-1.54,,,0
POWERMECH,1.71,,,0
PPAP,5.0,,,0
PPL,2.1,,,0
PPLPHARMA,0.71,,,0
PPSL,3.7,,,0
PRABHA,-0.16,,,0
PRADPME,-0.36,,,0
PRAENG,-0.05,,,0
PRAJIND,0.6,,,0
PRAKASH,1.92,,,0
PRAKASHSTL,-1.49,,,0
PRAMARA,1.64,,,0
PRANIK,-2.38,,,0
PRATHAM,-1.64,,,0
PRAVEG,2.02,,,0
PRAXIS,8.72,,,0
PRECAM,-0.5,,,0
PRECISION,2.53,,,0
PRECOT,3.12,,,0
PRECWIRE,2.31,,,0
PREMCO,0.25,,,0
PREMEXPLN,0.58,,,0
PREMIER,0.7,,,0
PREMIERENE,-0.22,,,0
PREMIERPOL,-0.69,,,0
PREMIUM,2.63,,,0
PRESSTONIC,9.93,,,0
PRESTIGE,-0.94,,,0
PRICOLLTD,-0.68,,,0
PRIMECAB,-1.51,,,0
PRIMESECU,-2.63,,,0
PRIMO,-1.66,,,0
PRINCEPIPE,-0.11,,,0
PRITI,0.03,,,0
PRITIKA,0.08,,,0
PRITIKAUTO,-1.02,,,0
PRIVISCL,0.33,,,0
PRIZOR,0.46,,,0
PRLIND,-1.24,,,0
PROFX,-1.34,,,0
PROPSHOP,-0.51,,,0
PROSTARM,7.89,,,0
PROTEAN,-2.32,,,0
PROV,1.12,,,0
PROZONER,-0.12,,,0
PRSMJOHNSN,0.56,,,0
PRUDENT,-2.07,,,0
PRUDMOULI,0.3,,,0
PSB,0.76,,,0
PSPPROJECT,3.09,,,0
PSRAJ,-4.69,,,0
PSUBANK,1.96,,,0
PSUBANKADD,2.66,,,0
PSUBNKBEES,2.04,,,0
PSUBNKIETF,2.29,,,0
PTC,0.91,,,0
PTCIL,0.71,,,0
PTL,-0.3,,,0
PUNJABCHEM,0.95,,,0
PURPLEUTED,5.0,,,0
PURVA,-0.36,,,0
PURVFLEXI,4.84,,,0
PUSHPA,-0.7,,,0
PVP,19.6,19.6,,0
PVRINOX,-0.99,,,0
PVSL,0.37,,,0
PVTBANIETF,0.0,,,0
PVTBANK,0.32,,,0
PVTBANKADD,-0.11,,,0
PVTBKGROWW,0.5,,,0
PWL,-1.82,,,0
PYRAMID,-2.01,,,0
QGOLDHALF,2.64,,,0
QLINE,-2.31,,,0
QMSMEDI,2.41,,,0
QNIFTY,0.38,,,0
QPOWER,2.73,,,0
QUADFUTURE,5.62,,,0
QUAL30IETF,0.32,,,0
QUALITY30,0.09,,,0
QUESS,0.24,,,0
QUESTLAB,-3.37,,,0
QUICKHEAL,0.61,,,0
QUICKTOUCH,-3.78,,,0
QUINT,-0.08,,,0
RACE,-0.8,,,0
RACLGEAR,5.88,,,0
RADAAN,-1.62,,,0
RADHIKAJWE,-0.65,,,0
RADIANTCMS,-0.46,,,0
RADICO,-1.76,,,0
RADIOCITY,-0.43,,,0
RADIOWALLA,-1.99,,,0
RAILTEL,0.43,,,0
RAIN,0.13,,,0
RAINBOW,-1.59,,,0
RAJESHEXPO,-0.9,,,0
RAJMET,1.21,,,0
RAJOOENG,1.47,,,0
RAJPALAYAM,-0.01,,,0
RAJPUTANA,3.75,,,0
RAJRATAN,-2.75,,,0
RAJRILTD,-0.83,,,0
RAJSREESUG,-1.1,,,0
RAJTV,-1.97,,,0
RALLIS,-0.69,,,0
RAMANEWS,0.21,,,0
RAMAPHO,0.02,,,0
RAMASTEEL,2.58,,,0
RAMBHAJO,1.14,,,0
RAMCOCEM,1.62,,,0
RAMCOIND,0.94,,,0
RAMCOSYS,0.77,,,0
RAMKY,3.0,,,0
RAMRAT,6.94,,,0
RANASUG,-2.09,,,0
RANEHOLDIN,-4.31,,,0
RAPIDFLEET,-0.91,,,0
RAPPID,3.11,,,0
RATEGAIN,-3.42,,,0
RATNAMANI,-0.46,,,0
RATNAVEER,1.16,,,0
RAYMOND,-0.29,,,0
RAYMONDLSL,-1.04,,,0
RAYMONDREL,-0.63,,,0
RBA,2.86,,,0
RBLBANK,0.56,,,0
RBMINFRA,-0.49,,,0
RBS,3.22,,,0
RBZJEWEL,0.8,,,0
RCDL,-4.73,,,0
RCF,0.27,,,0
RCOM,0.0,,,0
READYMIX,-1.75,,,0
RECLTD,-1.23,,,0
REDINGTON,0.83,,,0
REDTAPE,1.95,,,0
REFEX,-0.78,,,0
REFRACTORY,1.36,,,0
REGAAL,0.3,,,0
REGENCERAM,4.59,,,0
RELAXO,2.26,,,0
RELCHEMQ,1.91,,,0
RELIABLE,1.07,,,0
RELIANCE,3.52,,,0
RELIGARE,-0.25,,,0
RELINFRA,4.99,,,0
RELTD,-0.89,,,0
REMSONSIND,3.41,,,0
REMUS,5.4,,,0
RENUKA,-0.94,,,0
REPCOHOME,1.39,,,0
REPL,0.14,,,0
REPRO,0.09,,,0
RESPONIND,-0.98,,,0
RETAIL,-1.43,,,0
RFBL,-0.57,,,0
RGL,-1.98,,,0
RHETAN,1.73,,,0
RHFL,0.0,,,0
RHIM,0.53,,,0
RHL,2.62,,,0
RICOAUTO,-2.2,,,0
RIIL,1.47,,,0
RIIT,0.72,,,0
RILINFRA,-0.92,,,0
RIR,0.28,,,0
RISHABH,-0.02,,,0
RITCO,-1.94,,,0
RITES,1.77,,,0
RITEZONE,4.72,,,0
RKDL,-0.52,,,0
RKEC,-2.13,,,0
RKFORGE,-0.84,,,0
RKSWAMY,3.15,,,0
RMC,5.28,,,0
RMDRIP,-0.61,,,0
RML,-6.57,,,0
RNBDENIMS,-0.44,,,0
RNFI,-0.69,,,0
RNPL,1.07,,,0
ROHLTD,-0.08,,,0
ROLEXRINGS,5.51,,,0
ROLLT,4.95,,,0
ROML,1.3,,,0
ROSSARI,0.2,,,0
ROSSELLIND,-4.7,,,0
ROSSTECH,2.4,,,0
ROTO,5.0,,,0
ROUTE,0.23,,,0
ROXHITECH,-2.74,,,0
ROYALARC,-1.96,,,0
RPEL,1.51,,,0
RPGLIFE,-0.7,,,0
RPOWER,0.29,,,0
RPPINFRA,-2.74,,,0
RPPL,7.54,,,0
RPSGVENT,-4.1,,,0
RPTECH,-4.13,,,0
RRIL,-4.01,,,0
RRKABEL,-1.02,,,0
RSDFIN,-5.0,,,0
RSL,1.6,,,0
RSSOFTWARE,-0.94,,,0
RSWM,-5.0,,,0
RSYSTEMS,0.23,,,0
RTL,-1.44,,,0
RTNINDIA,-3.32,,,0
RTNPOWER,0.11,,,0
RUBFILA,0.65,,,0
RUBICON,-2.62,,,0
RUBYMILLS,4.54,,,0
RUCHINFRA,-0.85,,,0
RUCHIRA,0.72,,,0
RUDRA,-1.49,,,0
RULKA,3.44,,,0
RUPA,3.68,,,0
RUSHIL,1.96,,,0
RUSTOMJEE,-1.13,,,0
RVHL,-0.83,,,0
RVNL,2.62,,,0
RVTH,-1.45,,,0
S&SPOWER,-3.91,,,0
SAAKSHI,-0.98,,,0
SAATVIKGL,1.18,,,0
SABAR,0.74,,,0
SACHEEROME,9.79,,,0
SADBHAV,-0.67,,,0
SADBHIN,1.54,,,0
SADHAV,-1.2,,,0
SADHNANIQ,1.41,,,0
SAFARI,-0.61,,,0
SAFEENTP,0.82,,,0
SAGARDEEP,0.12,,,0
SAGCEM,0.56,,,0
SAGILITY,-0.25,,,0
SAHAJSOLAR,-1.0,,,0
SAHANA,0.8,,,0
SAHASRA,4.99,,,0
SAHLIBHFI,-0.36,,,0
SAHYADRI,4.85,,,0
SAIFL,0.0,,,0
SAIL,0.71,,,0
SAILIFE,1.38,,,0
SAIPARENT,4.85,,,0
SAJHOTELS,4.94,,,0
SAKAR,3.26,,,0
SAKHTISUG,-1.02,,,0
SAKSOFT,-0.93,,,0
SAKUMA,0.62,,,0
SALASAR,-0.51,,,0
SALONA,-4.89,,,0
SALSTEEL,4.98,,,0
SALZERELEC,1.52,,,0
SAMBHAAV,-1.35,,,0
SAMBHV,-2.12,,,0
SAMHI,1.49,,,0
SAMMAANCAP,3.52,,,0
SAMPANN,0.26,,,0
SANATHAN,-0.43,,,0
SANDESH,20.0,20.0,,0
SANDHAR,0.24,,,0
SANDUMA,-0.13,,,0
SANGAMIND,0.48,,,0
SANGANI,4.65,,,0
SANGHVIMOV,1.55,,,0
SANGINITA,-2.0,,,0
SANOFI,0.73,,,0
SANOFICONR,-0.39,,,0
SANSERA,1.19,,,0
SANSTAR,-0.67,,,0
SANWARIA,-5.0,,,0
SAPPHIRE,-1.37,,,0
SAPPL,3.4,,,0
SARDAEN,0.24,,,0
SAREGAMA,-5.25,,,0
SARLAPOLY,-0.21,,,0
SARTELE,-1.18,,,0
SARVESHWAR,0.58,,,0
SASKEN,-2.79,,,0
SATECH,-4.91,,,0
SATIA,0.77,,,0
SATIN,0.86,,,0
SATIPOLY,2.12,,,0
SATKARTAR,-3.59,,,0
SATTVAENGG,-2.5,,,0
SAURASHCEM,0.32,,,0
SAVY,3.69,,,0
SAWALIYA,0.05,,,0
SAYAJIHOTL,1.31,,,0
SBC,-0.29,,,0
SBCL,-0.65,,,0
SBFC,1.82,,,0
SBGLP,0.52,,,0
SBIBPB,1.6,,,0
SBICARD,-0.86,,,0
SBIETFCON,-0.71,,,0
SBIETFIT,0.23,,,0
SBIETFPB,0.01,,,0
SBIETFQLTY,1.83,,,0
SBIFUNDS,-0.87,,,0
SBILIFE,-0.98,,,0
SBILIQETF,0.01,,,0
SBIMIDMOM,-0.55,,,0
SBIN,2.84,,,0
SBINEQWETF,0.79,,,0
SBINMID150,-0.85,,,0
SBISILVER,0.57,,,0
SBISMLETF,0.44,,,0
SBIVALETF,0.33,,,0
SCANSTL,-2.29,,,0
SCHAEFFLER,-1.3,,,0
SCHAND,0.41,,,0
SCHNEIDER,-1.28,,,0
SCI,2.63,,,0
SCILAL,-0.05,,,0
SCL01825,-0.04,,,0
SCLZC26,0.03,,,0
SCLZC26C,0.31,,,0
SCML,-2.85,,,0
SCODATUBES,-1.92,,,0
SCPL,0.6,,,0
SDBL,0.98,,,0
SEAMECLTD,-0.94,,,0
SECMARK,2.14,,,0
SECURKLOUD,0.33,,,0
SEDEMAC,-1.83,,,0
SEIL,0.11,,,0
SEJALLTD,0.1,,,0
SEL,-4.08,,,0
SELECTIPO,-0.02,,,0
SELMC,1.78,,,0
SEMAC,-1.89,,,0
SENCO,-1.87,,,0
SENORES,0.39,,,0
SENSEXADD,0.01,,,0
SENSEXAXIS,1.92,,,0
SENSEXBETA,-0.53,,,0
SENSEXETF,0.54,,,0
SENSEXIETF,0.68,,,0
SEPC,3.48,,,0
SERVICE,0.0,,,0
SERVOTECH,-1.3,,,0
SESHAPAPER,0.99,,,0
SETCO,0.0,,,0
SETF10GILT,0.17,,,0
SETFGOLD,2.48,,,0
SETFNIF50,0.42,,,0
SETFNIFBK,0.54,,,0
SETFNN50,0.7,,,0
SETL,-1.21,,,0
SETUINFRA,5.0,,,0
SEYAIND,1.67,,,0
SFL,-9.67,,-9.67,0
SFML,6.58,,,0
SGBAPR28I,2.29,,,0
SGBAUG27,2.46,,,0
SGBAUG28V,2.25,,,0
SGBAUG29V,2.61,,,0
SGBAUG30,1.94,,,0
SGBD29VIII,1.49,,,0
SGBDC27VII,3.26,,,0
SGBDE30III,2.02,,,0
SGBDE31III,2.13,,,0
SGBDEC26,0.38,,,0
SGBFEB28IX,2.78,,,0
SGBFEB29XI,1.95,,,0
SGBFEB32IV,2.26,,,0
SGBJ28VIII,2.79,,,0
SGBJAN27,1.41,,,0
SGBJAN29IX,1.76,,,0
SGBJAN29X,2.25,,,0
SGBJAN30IX,1.6,,,0
SGBJU29III,2.1,,,0
SGBJUL27,2.62,,,0
SGBJUL28IV,1.84,,,0
SGBJUL29IV,2.21,,,0
SGBJUN27,2.73,,,0
SGBJUN28,2.06,,,0
SGBJUN29II,3.6,,,0
SGBJUN30,1.98,,,0
SGBJUN31I,1.54,,,0
SGBMAR28X,2.26,,,0
SGBMAR30X,1.97,,,0
SGBMAR31IV,1.88,,,0
SGBMAY28,2.09,,,0
SGBMAY29I,2.05,,,0
SGBMR29XII,2.2,,,0
SGBN28VIII,2.02,,,0
SGBNOV26,-1.76,,,0
SGBNV29VII,2.46,,,0
SGBOC28VII,1.96,,,0
SGBOCT27,2.63,,,0
SGBOCT27VI,2.23,,,0
SGBSEP27,2.4,,,0
SGBSEP28VI,2.34,,,0
SGBSEP29VI,2.08,,,0
SGBSEP31II,1.77,,,0
SGFIN,2.25,,,0
SGIL,-0.59,,,0
SGL,1.54,,,0
SGMART,1.08,,,0
SHADOWFAX,-1.4,,,0
SHAH,-0.77,,,0
SHAHALLOYS,1.42,,,0
SHAILY,5.99,,,0
SHAKTIPUMP,-0.18,,,0
SHALBY,-0.07,,,0
SHALPAINTS,2.3,,,0
SHANKARA,-1.2,,,0
SHANTHALA,-2.13,,,0
SHANTI,0.87,,,0
SHANTIGEAR,-2.47,,,0
SHANTIGOLD,0.78,,,0
SHARDACROP,-0.04,,,0
SHARDAMOTR,3.64,,,0
SHARDUL,-4.84,,,0
SHAREINDIA,-1.9,,,0
SHARIABEES,-0.26,,,0
SHBAJRG,-2.63,,,0
SHEEL,-4.96,,,0
SHEETAL,-0.98,,,0
SHEKHAWATI,-0.14,,,0
SHEMAROO,1.12,,,0
SHERA,1.08,,,0
SHETHJI,0.53,,,0
SHIGAN,0.16,,,0
SHILCTECH,1.16,,,0
SHILPAMED,2.36,,,0
SHINDL,0.56,,,0
SHIVALIK,2.98,,,0
SHIVAMAUTO,-0.83,,,0
SHIVAMILLS,0.03,,,0
SHIVASHRIT,0.5,,,0
SHIVATEX,-1.44,,,0
SHIVAUM,-1.17,,,0
SHK,1.92,,,0
SHOPERSTOP,3.31,,,0
SHRADHA,-1.31,,,0
SHREDIGCEM,-0.01,,,0
SHREECEM,-2.43,,,0
SHREEDHAR,4.23,,,0
SHREEJISPG,1.75,,,0
SHREEKARNI,-0.71,,,0
SHREEOSFM,5.26,,,0
SHREEPUSHK,1.99,,,0
SHREERAMA,-0.83,,,0
SHRENIK,0.0,,,0
SHREYANIND,-0.71,,,0
SHRIAHIMSA,-3.41,,,0
SHRIKANHA,4.88,,,0
SHRIKRISH,0.0,,,0
SHRINGARMS,-0.15,,,0
SHRIPISTON,-2.6,,,0
SHRIRAMFIN,1.66,,,0
SHRIRAMPPS,-0.27,,,0
SHRITECH,-3.41,,,0
SHUBHSHREE,-3.1,,,0
SHYAMCENT,-4.99,,,0
SHYAMDHANI,4.98,,,0
SHYAMMETL,-1.37,,,0
SHYAMTEL,2.85,,,0
SICAGEN,19.82,19.82,,0
SICALLOG,4.09,,,0
SIDDHICOTS,0.0,,,0
SIEMENS,-0.7,,,0
SIGACHI,0.55,,,0
SIGIND,14.06,14.06,,0
SIGMA,-0.06,,,0
SIGMAADV,-1.77,,,0
SIGNATURE,0.16,,,0
SIGNORIA,-0.06,,,0
SIGNPOST,-0.67,,,0
SIKA,0.74,,,0
SIKKO,9.85,,,0
SIL,0.29,,,0
SILGO,0.48,,,0
SILINV,1.25,,,0
SILKFLEX,0.6,,,0
SILKY,-0.27,,,0
SILLYMONKS,-3.74,,,0
SILVER,0.57,,,0
SILVER1,0.46,,,0
SILVER360,0.72,,,0
SILVERADD,0.6,,,0
SILVERAG,0.63,,,0
SILVERAXIS,0.51,,,0
SILVERBEES,0.53,,,0
SILVERBETA,0.54,,,0
SILVERBND,0.48,,,0
SILVERCASE,0.62,,,0
SILVERIETF,0.54,,,0
SILVERTUC,0.91,,,0
SIMBHALS,0.0,,,0
SIMCA,3.42,,,0
SIMPLEXINF,2.29,,,0
SINCLAIR,2.43,,,0
SINDHUTRAD,-1.83,,,0
SINGERIND,4.31,,,0
SINTERCOM,2.51,,,0
SIRCA,1.49,,,0
SIS,1.24,,,0
SITINET,0.0,,,0
SIYSIL,0.02,,,0
SJLOGISTIC,-2.29,,,0
SJS,-2.89,,,0
SJVN,-0.98,,,0
SKFINDIA,0.62,,,0
SKFINDUS,0.69,,,0
SKIPPER,-4.01,,,0
SKMEGGPROD,2.8,,,0
SKP,-1.6,,,0
SKYGOLD,1.85,,,0
SLONE,4.45,,,0
SMALL250,0.22,,,0
SMALLADD,-0.16,,,0
SMALLCAP,0.33,,,0
SMALLGROWW,-0.17,,,0
SMALLIETF,0.49,,,0
SMARTEN,-1.89,,,0
SMARTLINK,-4.38,,,0
SMARTWORKS,2.75,,,0
SMCGLOBAL,1.0,,,0
SML100CASE,0.71,,,0
SMLMAH,-4.14,,,0
SMLT,-2.23,,,0
SMSPHARMA,-2.02,,,0
SNEHAA,1.67,,,0
SNOWMAN,0.35,,,0
SNXT30BEES,0.44,,,0
SNXT50BETA,-0.04,,,0
SOBHA,-0.37,,,0
SOCL,2.26,,,0
SOFTTECH,0.25,,,0
SOLARA,-0.69,,,0
SOLARINDS,0.52,,,0
SOLARWORLD,0.88,,,0
SOLEX,-1.0,,,0
SOMANYCERA,0.74,,,0
SOMATEX,-2.84,,,0
SOMICONVEY,-2.62,,,0
SONACOMS,-2.77,,,0
SONAL,2.22,,,0
SONAMAC,-4.17,,,0
SONAMLTD,0.15,,,0
SONATSOFTW,-1.64,,,0
SONUINFRA,-5.0,,,0
SOTL,15.16,15.16,,0
SOUTHBANK,1.09,,,0
SOUTHWEST,-0.96,,,0
SPAL,-3.58,,,0
SPANDANA,-1.44,,,0
SPARC,-0.63,,,0
SPCENET,0.86,,,0
SPCL,-2.02,,,0
SPCON,7.7,,,0
SPECIALITY,0.27,,,0
SPECTRUM,2.14,,,0
SPECTSTM,-5.32,,,0
SPENCERS,0.52,,,0
SPIC,-0.01,,,0
SPLIL,0.63,,,0
SPLPETRO,-0.47,,,0
SPMLINFRA,-0.96,,,0
SPORTKING,-1.7,,,0
SPUNWEB,1.49,,,0
SRD,-2.75,,,0
SREEL,0.27,,,0
SRF,-0.56,,,0
SRGHFL,0.6,,,0
SRHHYPOLTD,5.02,,,0
SRIVASAVI,4.64,,,0
SRM,3.62,,,0
SRTL,-1.51,,,0
SSDL,-1.54,,,0
SSEGL,-3.12,,,0
SSFL,-4.29,,,0
SSFLPP,0.33,,,0
SSWL,-3.36,,,0
STALLION,0.84,,,0
STANLEY,-0.49,,,0
STAR,2.76,,,0
STARCEMENT,-0.59,,,0
STARHEALTH,-2.46,,,0
STARPAPER,0.99,,,0
STARTECK,0.37,,,0
STCINDIA,1.0,,,0
STEELCAS,0.22,,,0
STEELCITY,0.25,,,0
STEELXIND,-0.61,,,0
STEL,0.9,,,0
STERTOOLS,-1.15,,,0
STLNETWORK,2.36,,,0
STLTECH,-0.13,,,0
STOVEKRAFT,5.85,,,0
STRIDERS,4.6,,,0
STUDDS,1.6,,,0
STUDIOLSD,4.05,,,0
STYL,6.75,,,0
STYLAMIND,3.7,,,0
STYLEBAAZA,4.91,,,0
STYRENIX,-8.04,,-8.04,0
SUBAHOTELS,-6.55,,,0
SUBEXLTD,2.61,,,0
SUBROS,-0.34,,,0
SUDARCOLOR,12.38,12.38,,0
SUDARSCHEM,2.87,,,0
SUDEEPPHRM,1.59,,,0
SUKHJITS,-1.52,,,0
SULA,-1.89,,,0
SUMEETINDS,-4.97,,,0
SUMICHEM,3.48,,,0
SUMIT,0.34,,,0
SUMMITSEC,-1.31,,,0
SUNCLAY,-0.2,,,0
SUNDARAM,-1.6,,,0
SUNDARMFIN,-1.87,,,0
SUNDRMBRAK,-0.32,,,0
SUNDRMFAST,5.32,,,0
SUNDROP,-0.11,,,0
SUNFLAG,3.64,,,0
SUNLITE,-2.63,,,0
SUNPHARMA,0.57,,,0
SUNREST,-2.5,,,0
SUNTECH,1.75,,,0
SUNTECK,-0.26,,,0
SUNTV,-0.84,,,0
SUPERHOUSE,1.2,,,0
SUPERSPIN,1.89,,,0
SUPRAJIT,0.66,,,0
SUPREME,-0.2,,,0
SUPREMEENG,1.81,,,0
SUPREMEIND,0.47,,,0
SUPREMEINF,-1.74,,,0
SUPREMEPWR,0.72,,,0
SUPRIYA,-2.49,,,0
SURAJEST,-0.63,,,0
SURAJLTD,0.65,,,0
SURAKSHA,-0.61,,,0
SURANASOL,5.34,,,0
SURANAT&P,-0.22,,,0
SURANI,2.06,,,0
SURYALA,-1.75,,,0
SURYALAXMI,-0.79,,,0
SURYAROSNI,1.64,,,0
SURYODAY,-0.04,,,0
SUTLEJTEX,3.75,,,0
SUVEN,-2.68,,,0
SUVIDHAA,2.38,,,0
SUYOG,2.75,,,0
SUZLON,-0.1,,,0
SVLL,-1.96,,,0
SVPGLOB,-1.8,,,0
SWANCORP,0.1,,,0
SWANDEF,3.82,,,0
SWARAJ,-1.27,,,0
SWARAJENG,-0.36,,,0
SWASTIK,-1.75,,,0
SWELECTES,4.94,,,0
SWIGGY,-0.43,,,0
SWSOLAR,-1.18,,,0
SYMPHONY,1.19,,,0
SYNCOMF,-1.13,,,0
SYNGENE,-1.77,,,0
SYRMA,-1.12,,,0
SYSTANGO,-1.49,,,0
SYSTMTXC,-0.33,,,0
TAALTECH,2.79,,,0
TAC,-2.04,,,0
TAINWALCHM,-6.54,,,0
TAJGVK,1.22,,,0
TAKE,0.81,,,0
TALBROAUTO,-0.3,,,0
TAMBOLIIN,4.98,,,0
TANKUP,1.48,,,0
TANLA,-0.83,,,0
TARACHAND,-15.11,,-15.11,0
TARAPUR,-4.98,,,0
TARC,-0.41,,,0
TARIL,0.49,,,0
TARMAT,-0.36,,,0
TARSONS,-3.22,,,0
TASTYBITE,-1.28,,,0
TATACAP,2.9,,,0
TATACHEM,-0.43,,,0
TATACOMM,-0.7,,,0
TATACONSUM,-0.57,,,0
TATAELXSI,-0.93,,,0
TATAGOLD,2.42,,,0
TATAINVEST,-0.51,,,0
TATAPOWER,-1.15,,,0
TATASTEEL,-1.91,,,0
TATATECH,6.31,,,0
TATSILV,0.46,,,0
TATVA,0.6,,,0
TAURIAN,-0.14,,,0
TBI,6.92,,,0
TBOTEK,-2.66,,,0
TBZ,-0.4,,,0
TCC,-4.45,,,0
TCI,-0.11,,,0
TCIEXP,0.77,,,0
TCIFINANCE,-0.72,,,0
TCL,-0.5,,,0
TCPLPACK,-1.05,,,0
TCS,-1.66,,,0
TDPOWERSYS,2.15,,,0
TEAMGTY,-0.62,,,0
TEAMLEASE,0.15,,,0
TEAMTECH,-2.08,,,0
TECH,-0.15,,,0
TECHD,2.3,,,0
TECHERA,4.98,,,0
TECHLABS,-1.14,,,0
TECHM,-1.08,,,0
TECHNOE,-1.23,,,0
TECHNVISN,9.98,,,0
TECILCHEM,-4.77,,,0
TEGA,0.17,,,0
TEJA,-3.08,,,0
TEJASCARGO,4.84,,,0
TEJASNET,-1.0,,,0
TEMBO,-3.19,,,0
TENNIND,-1.75,,,0
TERASOFT,-1.14,,,0
TEXINFRA,0.48,,,0
TEXMOPIPES,-0.28,,,0
TEXRAIL,0.82,,,0
TFCILTD,0.04,,,0
TFL,0.09,,,0
TGBHOTELS,-3.26,,,0
TGL,2.82,,,0
THAKDEV,-5.0,,,0
THANGAMAYL,3.86,,,0
THEINVEST,-0.72,,,0
THEJO,2.8,,,0
THELEELA,1.74,,,0
THEMISMED,-2.83,,,0
THERMAX,-1.82,,,0
THOMASCOOK,1.55,,,0
THOMASCOTT,2.68,,,0
THYROCARE,-0.33,,,0
TI,-2.5,,,0
TICL,4.91,,,0
TIGERLOGS,2.23,,,0
TIIL,0.27,,,0
TIINDIA,-1.22,,,0
TIJARIA,-1.04,,,0
TIL,-2.88,,,0
TIMESCAN,2.19,,,0
TIMETECHNO,-0.21,,,0
TIMEX,-1.86,,,0
TIMKEN,1.02,,,0
TINNARUBR,-2.41,,,0
TIPSFILMS,-0.92,,,0
TIPSMUSIC,-2.69,,,0
TIRUMALCHM,-0.01,,,0
TIRUPATI,-0.28,,,0
TIRUPATIFL,0.17,,,0
TITAGARH,1.02,,,0
TITAN,1.74,,,0
TMB,2.19,,,0
TMCV,2.1,,,0
TMPV,-1.27,,,0
TNIDETF,-0.7,,,0
TNPETRO,0.77,,,0
TNPL,2.38,,,0
TNTELE,0.34,,,0
TOKYOPLAST,2.04,,,0
TOLINS,-0.44,,,0
TOP100CASE,0.0,,,0
TOP10ADD,-0.2,,,0
TOP15IETF,0.2,,,0
TOP20,0.22,,,0
TORNTPHARM,-0.88,,,0
TORNTPOWER,0.13,,,0
TOTAL,7.87,,,0
TOUCHWOOD,1.82,,,0
TPHQ,0.0,,,0
TPLPLASTEH,0.61,,,0
TRACXN,-1.73,,,0
TRANSPEK,-2.8,,,0
TRANSRAILL,-1.7,,,0
TRANSTEEL,0.96,,,0
TRANSWORLD,0.48,,,0
TRAVELFOOD,-0.8,,,0
TREEHOUSE,-1.26,,,0
TREJHARA,9.51,,,0
TREL,2.24,,,0
TRENT,-0.7,,,0
TRF,1.32,,,0
TRIDENT,-0.04,,,0
TRIGYN,0.18,,,0
TRITURBINE,3.67,,,0
TRIVENI,-2.03,,,0
TROM,-2.07,,,0
TRU,-0.65,,,0
TRUALT,0.6,,,0
TRUST,-1.72,,,0
TSC,-9.98,,-9.98,0
TSFINV,-3.61,,,0
TTKHLTCARE,4.61,,,0
TTKPRESTIG,1.36,,,0
TTL,0.16,,,0
TTML,-0.7,,,0
TUNWAL,0.0,,,0
TURTLEMINT,-2.05,,,0
TVSELECT,0.85,,,0
TVSHLTD,0.94,,,0
TVSMNCRPS,0.0,,,0
TVSMOTOR,-1.8,,,0
TVSSCS,-2.32,,,0
TVSSRICHAK,-0.29,,,0
TVTODAY,-0.81,,,0
TVVISION,-2.03,,,0
TWCGOLDETF,2.37,,,0
UBL,0.19,,,0
UCAL,0.46,,,0
UCL,1.13,,,0
UCOBANK,0.57,,,0
UDS,0.54,,,0
UEL,10.0,,,0
UFBL,4.2,,,0
UFLEX,1.67,,,0
UFO,-2.22,,,0
UGARSUGAR,5.66,,,0
UGROCAP,0.41,,,0
UHTL,-1.17,,,0
UJJIVANSFB,3.53,,,0
ULTRACEMCO,-0.94,,,0
ULTRAMAR,-0.73,,,0
UMA,0.0,,,0
UMAEXPORTS,-3.09,,,0
UMESLTD,0.74,,,0
UMIYA-MRO,-1.32,,,0
UNICHEMLAB,0.0,,,0
UNIDT,0.46,,,0
UNIECOM,-0.27,,,0
UNIENTER,0.45,,,0
UNIHEALTH,-0.24,,,0
UNIINFO,-4.73,,,0
UNILEX,-5.96,,,0
UNIMECH,-0.61,,,0
UNIONBANK,3.81,,,0
UNIONGOLD,2.54,,,0
UNIPARTS,-2.51,,,0
UNITDSPR,0.33,,,0
UNITECH,-0.24,,,0
UNITEDPOLY,-1.09,,,0
UNITEDTEA,0.45,,,0
UNIVASTU,-3.66,,,0
UNIVCABLES,-0.79,,,0
UNIVPHOTO,-0.22,,,0
UNOMINDA,2.24,,,0
UPL,-0.78,,,0
URAVIDEF,1.71,,,0
URBAN,0.21,,,0
URBANCO,0.08,,,0
URJA,-2.1,,,0
USASEEDS,4.72,,,0
USHAFIN,0.0,,,0
USHAMART,-0.88,,,0
USK,-0.26,,,0
UTIAMC,-0.15,,,0
UTKAL,4.89,,,0
UTKARSHBNK,-0.62,,,0
UTLSOLAR,2.51,,,0
UTSSAV,-0.39,,,0
UTTAMSUGAR,1.75,,,0
UYFINCORP,-0.26,,,0
V2RETAIL,0.34,,,0
VADILALIND,2.31,,,0
VAIBHAVGBL,-3.02,,,0
VAISHALI,0.5,,,0
VAKRANGEE,-1.32,,,0
VAL30IETF,-0.06,,,0
VALIANTLAB,0.47,,,0
VALIANTORG,-2.74,,,0
VALUE,0.06,,,0
VALUEAXIS,0.24,,,0
VAML,2.71,,,0
VARDHACRLC,-0.5,,,0
VARDMNPOLY,-0.33,,,0
VARROC,2.82,,,0
VASCONEQ,-2.22,,,0
VASWANI,-2.05,,,0
VBL,1.6,,,0
VCL,4.92,,,0
VDEAL,-6.51,,,0
VEDL,-0.72,,,0
VEDPOWER,0.87,,,0
VEEDOL,3.26,,,0
VEEKAYEM,-4.94,,,0
VELJAN,0.59,,,0
VENKEYS,-1.06,,,0
VENTIVE,-1.37,,,0
VENUSPIPES,-2.4,,,0
VENUSREM,2.52,,,0
VERANDA,0.27,,,0
VERTIS,-1.73,,,0
VERTOZ,-0.53,,,0
VESUVIUS,-0.97,,,0
VETO,-1.09,,,0
VGINFOTECH,0.0,,,0
VGL,-0.24,,,0
VGUARD,3.87,,,0
VHL,4.27,,,0
VHLTD,0.94,,,0
VIAZ,-5.0,,,0
VICTORYEV,0.0,,,0
VIDHIING,0.19,,,0
VIDYAWIRES,2.6,,,0
VIESL,-0.32,,,0
VIGOR,1.29,,,0
VIJAYA,-1.42,,,0
VIJAYPD,1.43,,,0
VIJIFIN,1.94,,,0
VIKASECO,0.0,,,0
VIKASLIFE,0.0,,,0
VIKRAMSOLR,-3.68,,,0
VIKRAN,-1.61,,,0
VILAS,-1.67,,,0
VILINBIO,-4.89,,,0
VIMTALABS,-2.26,,,0
VINATIORGA,1.65,,,0
VINCOFE,-3.24,,,0
VINDHYATEL,-2.99,,,0
VINEETLAB,-0.77,,,0
VINNY,0.94,,,0
VINSYS,0.84,,,0
VINYAS,2.0,,,0
VINYLINDIA,0.42,,,0
VIPCLOTHNG,1.69,,,0
VIPIND,1.52,,,0
VIPULLTD,4.86,,,0
VIRINCHI,-1.46,,,0
VISACHROME,0.16,,,0
VISAKAIND,-0.63,,,0
VISDEM,3.43,,,0
VISHNU,1.02,,,0
VISHNUINFR,0.44,,,0
VISHWARAJ,-3.11,,,0
VISHWAS,-4.97,,,0
VISL,-1.75,,,0
VITAL,0.3,,,0
VIVIANA,-2.55,,,0
VIVIDEL,5.0,,,0
VIVIDHA,-1.85,,,0
VIVIMEDLAB,-2.7,,,0
VIVO,4.98,,,0
VIYASH,-0.42,,,0
VLEGOV,1.95,,,0
VLSFINANCE,-0.98,,,0
VMARCIND,10.89,10.89,,0
VMART,0.85,,,0
VMM,-1.33,,,0
VMOBILE,-2.05,,,0
VMSTMT,0.0,,,0
VOEPL,2.13,,,0
VOGL,-3.23,,,0
VOLERCAR,-1.91,,,0
VOLTAMP,-1.08,,,0
VOLTAS,-1.96,,,0
VPRPL,1.03,,,0
VR,4.99,,,0
VRAJ,-1.55,,,0
VRLLOG,2.03,,,0
VSCL,-4.89,,,0
VSSL,1.37,,,0
VSTIND,-0.84,,,0
VSTL,-2.26,,,0
VSTTILLERS,1.39,,,0
VTL,0.7,,,0
WAAREEENER,-1.34,,,0
WAAREEINDO,4.8,,,0
WAAREERTL,-0.1,,,0
WABAG,-0.6,,,0
WAKEFIT,-2.25,,,0
WALCHANNAG,-0.66,,,0
WANBURY,-1.63,,,0
WCIL,-0.86,,,0
WEALTH,-1.19,,,0
WEBELSOLAR,-1.92,,,0
WEIZMANIND,3.71,,,0
WEL,1.13,,,0
WELCORP,1.76,,,0
WELENT,-2.79,,,0
WELINV,-0.15,,,0
WELSPLSOL,-1.3,,,0
WELSPUNLIV,-0.95,,,0
WENDT,0.14,,,0
WESTLIFE,-1.41,,,0
WEWIN,4.75,,,0
WEWORK,0.07,,,0
WHEELS,-1.77,,,0
WHIRLPOOL,2.74,,,0
WHITEFORCE,0.0,,,0
WILLAMAGOR,-0.86,,,0
WINDLAS,1.97,,,0
WINDMACHIN,-1.18,,,0
WINSOL,-3.65,,,0
WIPL,-1.76,,,0
WIPRO,-0.47,,,0
WOCKPHARMA,-1.55,,,0
WOMANCART,-5.77,,,0
WONDERLA,-3.43,,,0
WORTHPERI,-0.21,,,0
WPIL,0.54,,,0
WSI,-0.63,,,0
WSTCSTPAPR,0.67,,,0
WTICAB,0.96,,,0
XCHANGING,0.16,,,0
XELPMOC,0.7,,,0
XPROINDIA,0.31,,,0
XTGLOBAL,-4.15,,,0
XTRANET,1.34,,,0
YAAP,0.84,,,0
YASHO,0.21,,,0
YASHOPTICS,-0.68,,,0
YATHARTH,1.53,,,0
YATRA,-0.28,,,0
YESBANK,-1.26,,,0
YUDIZ,-5.0,,,0
YUKEN,7.21,,,0
ZAGGLE,-1.49,,,0
ZEEL,-2.09,,,0
ZEELEARN,-0.25,,,0
ZEEMEDIA,2.16,,,0
ZENITHDRUG,-2.22,,,0
ZENITHEXPO,1.52,,,0
ZENITHSTL,0.18,,,0
ZENSARTECH,0.06,,,0
ZENTEC,3.58,,,0
ZFCVINDIA,-0.37,,,0
ZFSTEERING,-1.72,,,0
ZIMLAB,0.6,,,0
ZODIAC,-0.72,,,0
ZODIACLOTH,-1.44,,,0
ZOTA,-0.42,,,0
ZTECH,1.24,,,0
ZUARI,-0.33,,,0
ZUARIIND,0.56,,,0
ZYDUSLIFE,-1.17,,,0
ZYDUSWELL,0.21,,,0
