SYMBOL,CLOSE,PREV_CLOSE,PCT_CHANGE
EEPL,143.7,119.75,20.0
SBCL,920.9,767.45,19.99
SICAGEN,74.06,61.72,19.99
AEPL,17.13,14.52,17.98
925SCL28C,930.0,790.0,17.72
737NTPC35C,1379.99,1202.5,14.76
VISAKAIND,98.72,86.39,14.27
MARC,131.15,116.0,13.06
ALBERTDAVD,822.85,730.55,12.63
SAPPHIRE,224.22,199.74,12.26
ENRIN,3648.8,3252.2,12.19
875SCL23A,1003.0,901.2,11.3
BTML,8.01,7.2,11.25
PGIL,2464.1,2221.5,10.92
AVALON,1965.3,1774.5,10.75
EMIL,165.83,149.78,10.72
PROPEQUITY,225.0,204.0,10.29
ESFL,126.25,114.8,9.97
VARROC,811.2,737.85,9.94
DHARIWAL,24.35,22.15,9.93
WINDMACHIN,303.55,276.5,9.78
ZENITHEXPO,216.51,197.24,9.77
SPCENET,3.86,3.52,9.66
LLOYDSENGG,96.88,88.46,9.52
THAKDEV,140.34,128.25,9.43
TAALTECH,4489.3,4110.2,9.22
ARCHIDPLY,89.49,82.04,9.08
TATATECH,872.8,801.55,8.89
WORTHPERI,163.13,149.86,8.85
DEVYANI,134.73,123.86,8.78
MOTHERSON,168.5,155.0,8.71
ETL,1050.3,970.0,8.28
UNIMECH,1446.7,1336.5,8.25
ESCONET,137.8,127.5,8.08
MARCO,33.5,31.0,8.06
VARDMNPOLY,6.48,6.0,8.0
ARVSMART,650.75,603.3,7.87
WEL,129.7,120.3,7.81
TECHNVISN,5721.8,5307.1,7.81
BHARATSE,240.89,223.47,7.8
TREJHARA,177.66,165.13,7.59
TECHNOE,1066.25,992.25,7.46
TIJARIA,5.09,4.74,7.38
MATRIMONY,480.8,447.9,7.35
COMSYN,224.83,209.58,7.28
985SFIL28,375.2,350.0,7.2
MOHITIND,27.3,25.51,7.02
AMBALALSA,46.73,43.7,6.93
SKP,171.0,160.0,6.88
TRAVELFOOD,1428.6,1337.2,6.84
DURLAX,56.85,53.25,6.76
GOCLCORP,438.25,410.55,6.75
KUANTUM,86.04,80.61,6.74
BIRLANU,1641.5,1538.7,6.68
ADISOFT,189.4,177.65,6.61
BECTORFOOD,224.4,210.48,6.61
TARMAT,52.7,49.48,6.51
IDEALTECHO,181.5,170.5,6.45
MACPOWER,1681.1,1581.0,6.33
HMAAGRO,22.23,20.92,6.26
HAPPY,65.6,61.75,6.23
GRAVISSHO,31.08,29.26,6.22
PIGL,112.26,105.71,6.2
ORIENTELEC,189.18,178.23,6.14
NEULANDLAB,22855.0,21543.0,6.09
MPSLTD,2931.2,2763.9,6.05
UYFINCORP,20.36,19.2,6.04
TFCILTD,117.48,110.81,6.02
GTL,7.82,7.38,5.96
KENNAMET,3309.9,3123.7,5.96
DIVGIITTS,1047.25,988.6,5.93
SMSPHARMA,378.1,357.2,5.85
VDEAL,164.0,155.0,5.81
ACCENTMIC,543.9,514.45,5.72
ONEPOINT,60.33,57.1,5.66
ELDEHSG,759.6,718.95,5.65
PALASHSECU,92.01,87.1,5.64
KARMAENG,41.21,39.03,5.59
MANAKALUCO,40.48,38.36,5.53
DPEL,555.9,526.8,5.52
ULTRAMAR,410.75,389.4,5.48
NAHARINDUS,127.72,121.08,5.48
AURUS,4.81,4.56,5.48
CHAVDA,140.75,133.45,5.47
CGRAPHICS,150.0,142.25,5.45
DOLATALGO,71.01,67.34,5.45
ARVINDPORT,32.5,30.85,5.35
SPECTSTM,65.65,62.35,5.29
FAZE3Q,569.2,540.6,5.29
SAIPARENT,569.7,541.15,5.28
AKUMS,697.45,662.55,5.27
SANWARIA,0.2,0.19,5.26
DIAMONDYD,1227.4,1166.2,5.25
RAJPUTANA,218.35,207.5,5.23
PRESSTONIC,34.35,32.65,5.21
INDRAMEDCO,380.65,361.85,5.2
RBA,94.92,90.25,5.17
USHAFIN,39.7,37.75,5.17
GKENERGY,136.86,130.15,5.16
SECURKLOUD,19.42,18.48,5.09
LLOYDSENT,83.5,79.48,5.06
M&MFIN,408.45,388.8,5.05
HPTL,310.85,296.05,5.0
EASTSILK,63.0,60.0,5.0
IVP,168.71,160.68,5.0
GVPIL,762.9,726.6,5.0
BSHSL,91.0,86.67,5.0
STYL,407.75,388.35,5.0
UEL,257.79,245.52,5.0
VIVIDEL,1448.0,1379.05,5.0
TECHERA,182.75,174.05,5.0
SHIVAMILLS,65.49,62.38,4.99
VALIANTLAB,64.59,61.52,4.99
CAPTRUST,19.36,18.44,4.99
MCLEODRUSS,49.04,46.71,4.99
VPRPL,30.93,29.46,4.99
XTRANET,136.21,129.73,4.99
EIFFL,269.3,256.5,4.99
STYLEBAAZA,320.65,305.4,4.99
DBREALTY,117.32,111.74,4.99
NEPHROCARE,75.8,72.2,4.99
DSKULKARNI,10.96,10.44,4.98
PATILAUTOM,210.75,200.75,4.98
FONEBOX,98.1,93.45,4.98
FORGEAUTO,116.15,110.65,4.97
IMPEXFERRO,3.17,3.02,4.97
ADDICTIVE,40.15,38.25,4.97
VR,144.65,137.8,4.97
CMRSL,63.4,60.4,4.97
VIVO,114.05,108.65,4.97
AKANKSHA,116.4,110.9,4.96
BGRENERGY,266.7,254.1,4.96
DHTL,33.85,32.25,4.96
BHADORA,92.1,87.75,4.96
BIKEWO,78.5,74.8,4.95
MILTON,33.9,32.3,4.95
PROLIFE,78.65,74.95,4.94
PRECISION,8.5,8.1,4.94
RELINFRA,76.56,72.96,4.93
PURVFLEXI,50.05,47.7,4.93
MMWL,15.79,15.05,4.92
SATIPOLY,48.0,45.75,4.92
MANAV,23.45,22.35,4.92
UTKAL,46.1,43.95,4.89
GTECJAINX,31.54,30.07,4.89
PWL,131.59,125.49,4.86
SADHNANIQ,3.02,2.88,4.86
PVP,34.74,33.14,4.83
MIEL,13.1,12.5,4.8
KALYANIFRG,635.4,606.35,4.79
BLUEPEBBLE,76.5,73.0,4.79
ECOLINE,205.7,196.3,4.79
TRANSWORLD,166.0,158.43,4.78
IEML,43.95,41.95,4.77
MANDEEP,20.9,19.95,4.76
ROXHITECH,48.4,46.2,4.76
RKEC,27.42,26.18,4.74
ARROWGREEN,781.4,746.1,4.73
ROLLT,3.11,2.97,4.71
DISHTV,2.89,2.76,4.71
PTCIL,19076.0,18221.0,4.69
VCL,1.34,1.28,4.69
DIGITIDE,103.64,99.0,4.69
MARINE,336.9,321.85,4.68
BULKCORP,66.45,63.5,4.65
NAVNETEDUL,133.87,127.93,4.64
MASTER,497.0,475.0,4.63
BILVYAPAR,4.08,3.9,4.62
WILLAMAGOR,26.41,25.25,4.59
JYOTIGLOBL,40.1,38.35,4.56
INFINIUM,219.5,209.95,4.55
PASUPTAC,62.38,59.67,4.54
GANGAFORGE,2.11,2.02,4.46
GJL,188.0,180.0,4.44
JEYYAM,24.8,23.75,4.42
NRAIL,544.55,521.65,4.39
DIACABS,364.05,348.8,4.37
GALAXYSURF,2066.7,1980.3,4.36
AUROPHARMA,1658.0,1588.9,4.35
PRIMESECU,296.05,283.7,4.35
DECCANTRAN,24.0,23.0,4.35
PARACABLES,68.92,66.05,4.35
ONWARDTEC,290.7,278.6,4.34
BOSS,45.7,43.8,4.34
LLOYDS,67.5,64.7,4.33
ABAN,19.99,19.16,4.33
ASIANENE,408.55,391.65,4.32
KANDARP,102.75,98.5,4.31
HBESD,78.52,75.28,4.3
AMBIKCO,1904.3,1826.0,4.29
DHANSA,20.75,19.9,4.27
JAIBALAJI,65.61,62.93,4.26
UNIPARTS,814.6,781.5,4.24
MMFL,629.1,603.55,4.23
ORTEL,2.22,2.13,4.23
GUFICBIO,421.4,404.35,4.22
MANIPALHOS,677.95,650.5,4.22
791MH39,100.0,95.95,4.22
JFLLIFE,13.65,13.1,4.2
GRANULES,873.85,838.65,4.2
RACE,108.76,104.38,4.2
SILLYMONKS,16.35,15.7,4.14
MODIRUBBER,126.08,121.11,4.1
SKYGOLD,719.4,691.15,4.09
ANNAPURNA,156.55,150.4,4.09
MAXPOSURE,34.35,33.0,4.09
FIEMIND,2580.3,2479.5,4.07
667GS2035,103.49,99.51,4.0
ROYALARC,156.0,150.0,4.0
TATAINVEST,693.65,667.1,3.98
TAMBOLIIN,227.45,218.79,3.96
JAIPURKURT,27.58,26.53,3.96
SILVER360,229.16,220.44,3.96
A2ZINFRA,17.39,16.73,3.95
ELLEN,292.35,281.3,3.93
QUICKTOUCH,22.5,21.65,3.93
VIGOR,98.0,94.3,3.92
REMUS,842.25,810.55,3.91
SONUINFRA,41.45,39.9,3.88
AEQUS,248.31,239.05,3.87
EMBDL,63.04,60.7,3.86
KINGFA,5549.5,5344.0,3.85
SUNREST,40.5,39.0,3.85
TEJASCARGO,380.0,366.0,3.83
FORTIS,955.15,920.0,3.82
ONIDA,38.38,36.98,3.79
ESPRIT,70.0,67.45,3.78
SALONA,245.1,236.17,3.78
IL&FSENGG,36.86,35.52,3.77
GCHOTELS,108.95,105.0,3.76
GULFPETRO,56.73,54.68,3.75
DENTALKART,408.55,393.8,3.75
RUBYMILLS,378.5,364.9,3.73
SPORTKING,214.34,206.66,3.72
WELENT,588.9,567.8,3.72
KDDL,3843.9,3706.1,3.72
RKFORGE,726.55,700.5,3.72
REPL,67.39,64.98,3.71
BHAGCHEM,285.6,275.4,3.7
KOLTEPATIL,445.1,429.3,3.68
BEACON,91.95,88.7,3.66
SUPRIYA,923.45,890.85,3.66
MCON,42.5,41.0,3.66
BEML,1787.8,1725.1,3.63
BLACKBUCK,577.65,557.55,3.61
LAHOTIOV,42.74,41.26,3.59
NRBBEARING,461.5,445.6,3.57
PPSL,2.9,2.8,3.57
FOODSIN,54.92,53.03,3.56
MBEL,298.5,288.25,3.56
PANACHE,458.55,442.85,3.55
VALIANTORG,288.5,278.7,3.52
TAURIAN,420.3,406.05,3.51
TGL,20.75,20.05,3.49
ELGIRUBCO,63.02,60.9,3.48
CYIENTDLM,685.55,662.5,3.48
FINEORG,5162.1,4989.0,3.47
GSS,14.01,13.54,3.47
TIGERLOGS,27.49,26.57,3.46
PGEL,630.65,609.75,3.43
NATCAPSUQ,155.04,149.91,3.42
ASHALOG,58.95,57.0,3.42
ROHLTD,323.2,312.5,3.42
SIMCA,245.75,237.7,3.39
CMLL,599.45,579.95,3.36
TCS,2452.7,2373.0,3.36
RPTECH,894.65,865.55,3.36
VOLERCAR,220.0,212.9,3.33
TANKUP,1240.0,1200.0,3.33
EXIDEIND,490.0,474.25,3.32
VELJAN,1706.4,1651.8,3.31
MANYAVAR,516.9,500.35,3.31
PEARLPOLY,16.89,16.35,3.3
SONACOMS,818.05,792.0,3.29
MASKINVEST,157.0,152.0,3.29
JINDRILL,636.05,615.85,3.28
MENONBE,237.35,229.82,3.28
PRUDENT,3371.8,3266.7,3.22
GRASIM,3323.0,3220.0,3.2
AKSHOPTFBR,6.79,6.58,3.19
ICDSLTD,42.02,40.72,3.19
HINDALCO,1059.6,1027.0,3.17
HEROMOTOCO,5725.0,5550.5,3.14
APARINDS,16631.0,16126.0,3.13
GATECH,0.66,0.64,3.13
TREL,25.4,24.63,3.13
TICL,10.57,10.25,3.12
MANINFRA,113.85,110.41,3.12
ANMOL,10.33,10.02,3.09
ESILVER,230.56,223.67,3.08
HTMEDIA,27.74,26.91,3.08
GYFTR,164.3,159.4,3.07
CLEAN,795.15,771.65,3.05
PPAP,321.35,311.85,3.05
VMSTMT,46.11,44.75,3.04
WELSPUNLIV,164.09,159.25,3.04
VILINBIO,44.05,42.75,3.04
JALAN,1.7,1.65,3.03
DHANLAXMI,25.5,24.75,3.03
CONTROLPR,579.2,562.15,3.03
THEJO,2223.9,2159.1,3.0
ASTERDM,869.7,844.45,2.99
SATTVAENGG,84.45,82.0,2.99
WEBELSOLAR,96.38,93.61,2.96
SAYAJIHOTL,325.45,316.1,2.96
SGBJAN27,14924.0,14500.0,2.92
BHAGYANGR,393.2,382.05,2.92
SAHASRA,337.5,328.05,2.88
LTM,4658.1,4528.0,2.87
ROSSELLIND,56.52,54.95,2.86
IOLCP,167.85,163.18,2.86
JUBLFOOD,486.5,473.0,2.85
SHILPAMED,759.75,738.8,2.84
M&M,3502.0,3406.0,2.82
CPCAP,116.13,112.95,2.82
SILVER1,22.38,21.77,2.8
SPLIL,32.69,31.8,2.8
SILVERAXIS,229.17,222.94,2.79
MEESHO,191.35,186.17,2.78
ORIENTCER,42.58,41.43,2.78
WESTLIFE,594.85,578.75,2.78
HLEGLAS,467.05,454.4,2.78
SILVERBEES,220.47,214.53,2.77
KEN,39.1,38.05,2.76
SILVERIETF,229.95,223.8,2.75
TRUALT,477.05,464.3,2.75
SILVERBETA,222.6,216.64,2.75
RVTH,733.45,713.9,2.74
BI,62.92,61.25,2.73
SILVERCASE,23.36,22.74,2.73
SGBOCT26,14725.0,14333.0,2.73
AFFORDABLE,196.05,190.85,2.72
SGL,10.19,9.92,2.72
SILVER,230.03,223.95,2.71
SILVERBND,231.19,225.09,2.71
TDPOWERSYS,1260.9,1227.7,2.7
BALPHARMA,89.23,86.89,2.69
RNFI,280.75,273.4,2.69
TEGA,1625.7,1583.3,2.68
DENEERS,183.95,179.15,2.68
S&SPOWER,317.95,309.65,2.68
SBISILVER,225.73,219.88,2.66
ARVIND,560.55,546.1,2.65
ITBETA,331.88,323.33,2.64
HDFCSILVER,220.43,214.75,2.64
SILVERADD,221.87,216.17,2.64
DEEPAKNTR,1796.5,1750.4,2.63
GLOSTERLTD,697.45,679.55,2.63
AGARWALEYE,546.25,532.3,2.62
SNEHAA,46.95,45.75,2.62
FEDDERSHOL,43.45,42.34,2.62
BIRLACABLE,254.21,247.72,2.62
TATSILV,22.35,21.78,2.62
CARBORUNIV,1097.0,1069.1,2.61
PALREDTEC,48.9,47.66,2.6
DUCON,3.16,3.08,2.6
ALLETEC,134.05,130.65,2.6
HIKAL,227.14,221.43,2.58
MTEDUCARE,1.99,1.94,2.58
HONASA,477.6,465.65,2.57
GRCL,524.95,511.8,2.57
SILVERAG,224.32,218.71,2.57
JKIPL,100.49,97.97,2.57
NETWEB,4939.2,4816.0,2.56
SUNDROP,681.8,664.8,2.56
PRIZOR,899.0,876.55,2.56
THANGAMAYL,5275.0,5144.0,2.55
TOTAL,69.6,67.87,2.55
MOMENTUM,31.42,30.64,2.55
HISARMETAL,152.02,148.25,2.54
ROLEXRINGS,156.68,152.8,2.54
BIL,830.35,809.9,2.53
MCLOUD,29.68,28.95,2.52
JSWINFRA,335.75,327.5,2.52
CNL,1116.85,1089.45,2.52
DBOL,113.7,110.92,2.51
BHARATFORG,2265.2,2210.0,2.5
DGCONTENT,25.82,25.19,2.5
INSPIRISYS,100.04,97.6,2.5
MVGJL,169.95,165.82,2.49
JGCHEM,552.8,539.5,2.47
OBSCP,749.0,731.0,2.46
SIGNORIA,166.5,162.5,2.46
SHANTIGOLD,224.01,218.65,2.45
CAMPUS,224.37,219.0,2.45
AONESILVER,8.78,8.57,2.45
TIMEX,556.3,543.05,2.44
CMPDI,250.14,244.18,2.44
CHEMBONDCH,237.42,231.77,2.44
GILLANDERS,90.69,88.55,2.42
GOLDENTOBC,24.59,24.01,2.42
KALANA,19.15,18.7,2.41
BIOPOL,101.9,99.5,2.41
VSSL,341.85,333.85,2.4
MOSILVER,227.17,221.84,2.4
WEWIN,47.0,45.9,2.4
KOTHARIPRO,69.63,68.0,2.4
TASTYBITE,9394.0,9175.0,2.39
AHCL,14.55,14.21,2.39
KCP,154.96,151.35,2.39
CONFIPET,81.28,79.39,2.38
PNGSREVA,511.2,499.3,2.38
TNPETRO,101.03,98.68,2.38
COSMOFIRST,892.5,871.95,2.36
SVPGLOB,3.9,3.81,2.36
USASEEDS,90.9,88.8,2.36
AYE,170.47,166.55,2.35
WOCKPHARMA,2021.0,1975.0,2.33
SURYALAXMI,60.22,58.85,2.33
SRIVASAVI,90.0,87.95,2.33
MUFIN,137.19,134.07,2.33
MAWANASUG,115.83,113.2,2.32
MERCANTILE,25.09,24.52,2.32
JINDALSAW,271.4,265.25,2.32
SETL,281.0,274.65,2.31
BALUFORGE,469.05,458.45,2.31
GLOTTIS,69.06,67.51,2.3
FWSTC,189.7,185.45,2.29
662GS2051,92.77,90.7,2.28
FRESHARA,361.5,353.45,2.28
ZOTA,1274.7,1246.4,2.27
REDTAPE,139.97,136.86,2.27
SHRIAHIMSA,385.25,376.7,2.27
BOSCH-HCIL,1682.4,1645.2,2.26
BOSCHLTD,42950.0,42000.0,2.26
PNC,19.92,19.48,2.26
MAXVOLT,346.25,338.65,2.24
716GS2050,102.25,100.01,2.24
ZFCVINDIA,2637.2,2580.3,2.21
TIIL,2693.5,2635.2,2.21
HINDZINC,603.0,590.0,2.2
9AEL30,1044.95,1022.5,2.2
GICHSGFIN,152.88,149.59,2.2
POWERINDIA,32600.0,31900.0,2.19
MPHASIS,2475.0,2421.9,2.19
SPAL,1036.6,1014.5,2.18
AGRITECH,111.4,109.02,2.18
INDBANK,32.96,32.26,2.17
MAHASTEEL,1046.3,1024.1,2.17
DALMIASUG,404.4,395.8,2.17
INFOLLION,161.15,157.75,2.16
PAUSHAKLTD,706.65,691.7,2.16
SUDARSCHEM,1139.6,1115.6,2.15
SEAMECLTD,1527.7,1495.5,2.15
EMCURE,1978.4,1936.7,2.15
IITL,144.86,141.83,2.14
KRISHCA,165.0,161.55,2.14
KICL,5646.5,5528.0,2.14
SILKY,74.35,72.8,2.13
ARSHIYA,0.96,0.94,2.13
HFCL,207.98,203.67,2.12
BOROSCI,141.85,138.92,2.11
WAAREEENER,2717.0,2660.9,2.11
RKDL,19.47,19.07,2.1
ASTRAMICRO,1840.0,1802.2,2.1
EUROBOND,164.99,161.6,2.1
ATLASCYCLE,99.72,97.68,2.09
ITALIANE,31.75,31.1,2.09
SHYAMDHANI,63.5,62.2,2.09
DELHIVERY,473.3,463.6,2.09
NAHARSPING,316.25,309.8,2.08
SUYOG,880.45,862.55,2.08
CKKRETAIL,148.0,145.0,2.07
AUTOBEES,307.43,301.21,2.07
EIMCOELECO,1849.0,1811.7,2.06
DENORA,887.8,869.95,2.05
LLOYDSME,2101.2,2059.0,2.05
TIRUPATIFL,72.07,70.62,2.05
SYNCOMF,13.45,13.18,2.05
KHANDSE,17.4,17.05,2.05
IMAGICAA,52.14,51.1,2.04
KCEIL,85.65,83.95,2.03
SIKKO,6.03,5.91,2.03
LEXUS,15.09,14.79,2.03
DIGISPICE,17.55,17.2,2.03
SANSERA,3863.8,3787.3,2.02
KAPSTON,525.9,515.5,2.02
POKARNA,986.6,967.15,2.01
SGBFEB27,14689.0,14399.0,2.01
1025SCL34Z,1015.0,995.0,2.01
NIBL,34.72,34.04,2.0
POWERICA,533.2,522.75,2.0
MASON,119.85,117.5,2.0
FROG,214.2,210.0,2.0
GATECHDVR,0.51,0.5,2.0
AVATAR,197.75,193.9,1.99
MEGASTAR,331.05,324.6,1.99
APSISAERO,466.1,457.0,1.99
PANAMAPET,504.8,494.95,1.99
VIJIFIN,11.25,11.03,1.99
COCHINSHIP,1519.7,1490.0,1.99
EUROTEXIND,13.37,13.11,1.98
INNOMET,190.5,186.8,1.98
INOXGREEN,179.43,175.96,1.97
ORISSAMINE,4405.2,4320.2,1.97
BRITANNIA,5510.0,5404.0,1.96
CENTRUM,25.13,24.65,1.95
ATHERENERG,1481.5,1453.2,1.95
CANARYS,23.7,23.25,1.94
LTFOODS,427.55,419.4,1.94
SHILCTECH,4620.1,4532.2,1.94
HAPPYFORGE,1906.2,1870.0,1.94
TORNTPOWER,1350.8,1325.2,1.93
SPECIALITY,145.17,142.42,1.93
VITAL,50.45,49.5,1.92
ATALREAL,35.3,34.64,1.91
EXPLEOSOL,836.75,821.05,1.91
DEEPINDS,638.9,627.0,1.9
GOKULAGRO,228.8,224.53,1.9
DJML,112.88,110.78,1.9
JAINIK,191.0,187.45,1.89
TECH,34.69,34.05,1.88
FIBERWEB,29.76,29.21,1.88
AUSOMENT,140.88,138.28,1.88
ANTHEM,841.0,825.65,1.86
FILATEX,83.33,81.81,1.86
DIGIDRIVE,17.65,17.33,1.85
VASCONEQ,33.64,33.03,1.85
PARAGON,49.9,49.0,1.84
SGBOCT27,14920.02,14650.0,1.84
MARKSANS,273.85,268.9,1.84
COCKERILL,9635.5,9462.0,1.83
MTARTECH,7085.5,6959.0,1.82
COMPINFO,1.12,1.1,1.82
RAMCOSYS,637.9,626.5,1.82
REMSONSIND,90.24,88.64,1.81
NDRAUTO,828.9,814.15,1.81
AKCAPIT,1720.7,1690.3,1.8
MEP,0.57,0.56,1.79
AUTOIETF,30.7,30.16,1.79
KPIL,1317.2,1294.1,1.79
LASA,7.99,7.85,1.78
TATAELXSI,3781.0,3715.0,1.78
SUPREMEENG,2.29,2.25,1.78
AMBAAUTO,103.3,101.5,1.77
RAMCOIND,339.65,333.75,1.77
ARTNIRMAN,42.49,41.75,1.77
QLINE,538.7,529.4,1.76
VERTIS,113.0,111.05,1.76
BRIGADE,581.95,571.95,1.75
ZEEL,94.19,92.57,1.75
706GS2041,101.75,100.0,1.75
CSLFINANCE,216.77,213.04,1.75
VIRINCHI,15.76,15.49,1.74
IWARE,471.0,463.0,1.73
CUB,212.0,208.39,1.73
SWANDEF,2694.9,2649.0,1.73
THERMAX,4059.9,3991.0,1.73
HILTON,21.41,21.05,1.71
SGBJUN27,14899.0,14650.0,1.7
JAYESH,140.85,138.5,1.7
KRITI,70.49,69.31,1.7
MKPL,4.21,4.14,1.69
RPPL,25.81,25.38,1.69
PRAJIND,325.05,319.65,1.69
FOSECOIND,5500.5,5409.0,1.69
AHLADA,38.2,37.57,1.68
BALKRISHNA,17.66,17.37,1.67
KANCHI,367.95,361.9,1.67
830PFCL27,1089.41,1071.62,1.66
LICI,394.0,387.55,1.66
BANKINDIA,145.0,142.66,1.64
UMESLTD,5.57,5.48,1.64
EVINDIA,34.18,33.63,1.64
AVANTIFEED,906.55,891.9,1.64
GICL,19.91,19.59,1.63
KAKATCEM,118.45,116.55,1.63
EVIETF,34.23,33.68,1.63
INDOUS,81.65,80.35,1.62
CENTUM,3851.8,3790.3,1.62
730PFCL41,1002.0,986.01,1.62
NITTAGELA,1722.9,1695.5,1.62
HCLTECH,1356.6,1335.0,1.62
RAJTV,10.11,9.95,1.61
SILINV,440.7,433.7,1.61
ALGOQUANT,67.21,66.15,1.6
SYSTMTXC,60.5,59.55,1.6
BHARTIHEXA,1538.8,1514.5,1.6
VIYASH,277.0,272.65,1.6
TEXMOPIPES,43.51,42.83,1.59
AURUM,226.01,222.48,1.59
NEWGEN,551.0,542.4,1.59
ZODIACLOTH,77.63,76.42,1.58
SHRIKRISH,42.96,42.29,1.58
SCHAND,145.31,143.07,1.57
SANDHAR,666.65,656.35,1.57
LAMOSAIC,55.05,54.2,1.57
EMAPARTNER,81.0,79.75,1.57
SHRIPISTON,4392.8,4325.4,1.56
BBTCL,225.3,221.83,1.56
COHANCE,445.75,438.9,1.56
PTC,203.3,200.17,1.56
RHETAN,33.36,32.85,1.55
HEXT,564.6,556.0,1.55
ZEEMEDIA,7.21,7.1,1.55
TATACHEM,673.55,663.3,1.55
EUROPRATIK,314.1,309.35,1.54
CRIZAC,187.98,185.12,1.54
SINDHUTRAD,24.56,24.19,1.53
SMALLGROWW,49.04,48.3,1.53
CIFL,21.88,21.55,1.53
ITADD,33.42,32.92,1.52
RECLTD,367.0,361.5,1.52
FELIX,181.3,178.6,1.51
TVSMOTOR,4440.9,4375.0,1.51
NIDAN,13.45,13.25,1.51
WONDERLA,493.15,485.8,1.51
ITAXIS,347.78,342.62,1.51
915APSBC31,105064.5,103500.0,1.51
AIMTRON,1656.4,1631.95,1.5
FISCHER,38.01,37.45,1.5
THOMASCOTT,315.15,310.5,1.5
FORCAS,187.1,184.35,1.49
HATSUN,941.1,927.25,1.49
MOS,10.2,10.05,1.49
MANKIND,2456.0,2420.3,1.48
SUNDRMBRAK,787.0,775.5,1.48
ARTEMISMED,316.3,311.7,1.48
SUMICHEM,532.95,525.2,1.48
SOCL,27.5,27.1,1.48
675GS2029,101.47,100.0,1.47
SCHNEIDER,1354.8,1335.2,1.47
BELRISE,248.21,244.61,1.47
CLSL,69.0,68.0,1.47
SCML,83.0,81.8,1.47
HSBCGOLD,130.48,128.59,1.47
SURAJLTD,221.9,218.68,1.47
MEDPLUS,700.25,690.2,1.46
HIMATSEIDE,80.69,79.53,1.46
SPCON,152.6,150.4,1.46
GOPAL,277.9,273.9,1.46
GAYAPROJ,20.09,19.8,1.46
PSFL,31.45,31.0,1.45
FERMENTA,560.6,552.6,1.45
ANANDRATHI,2101.5,2071.5,1.45
KALPATARU,287.1,283.0,1.45
VIMTALABS,651.25,641.95,1.45
SHBAJRG,181.35,178.76,1.45
JKIL,498.9,491.75,1.45
CPPLUS,3708.7,3656.2,1.44
UNIINFO,12.05,11.88,1.43
OSWALSEEDS,10.63,10.48,1.43
ASTRAZEN,8191.0,8075.5,1.43
LUMAXTECH,1722.4,1698.3,1.42
SANGHVIMOV,488.4,481.55,1.42
10IIFL29,1024.35,1010.0,1.42
GEMAROMA,185.46,182.87,1.42
PURVA,212.37,209.41,1.41
MGL,1139.6,1123.7,1.41
VEDL,278.85,275.0,1.4
GINNIFILA,45.57,44.94,1.4
VLSFINANCE,265.1,261.45,1.4
DATAMATICS,865.15,853.25,1.39
HAVISHA,1.46,1.44,1.39
KALYANKJIL,606.3,598.0,1.39
UTSSAV,515.0,508.0,1.38
KOTARISUG,26.43,26.07,1.38
JISLDVREQS,23.47,23.15,1.38
SGBJUL27,14798.99,14599.0,1.37
HOACFOODS,729.95,720.05,1.37
CLCIND,56.43,55.67,1.37
THELEELA,518.0,511.0,1.37
GLOBAL,101.84,100.47,1.36
79NHIT47,421.7,416.03,1.36
NGIL,39.04,38.52,1.35
AZAD,2489.0,2455.8,1.35
LOTUSEYE,118.82,117.24,1.35
GROWWEV,34.05,33.6,1.34
FINBUD,140.2,138.35,1.34
MUKKA,23.41,23.1,1.34
TAKE,22.69,22.39,1.34
SMLT,69.4,68.48,1.34
ORKLAINDIA,566.85,559.35,1.34
CALSOFT,22.01,21.72,1.34
AUROIMPEX,26.5,26.15,1.34
UFO,68.76,67.86,1.33
935MOFSL29,1037.0,1023.41,1.33
KLL,22.9,22.6,1.33
NRL,116.9,115.36,1.33
KROSS,202.75,200.09,1.33
ITETF,33.42,32.98,1.33
FMGOETZE,492.25,485.8,1.33
SLONE,145.0,143.1,1.33
GHCLTEXTIL,121.59,120.0,1.33
INDIANB,889.5,877.9,1.32
NXST,168.11,165.92,1.32
PETRONET,280.6,276.95,1.32
MUNISH,81.05,80.0,1.31
DOLPHIN,411.05,405.75,1.31
HYBRIDFIN,17.73,17.5,1.31
PROTEAN,565.95,558.65,1.31
SVLL,758.95,749.1,1.31
AARTIDRUGS,416.2,410.85,1.3
PROSTARM,146.01,144.13,1.3
HALEOSLABS,1457.4,1438.7,1.3
INDIACEM,398.15,393.05,1.3
ANONDITA,1040.7,1027.4,1.29
PILANIINVS,4370.7,4315.0,1.29
RUBICON,1553.2,1533.4,1.29
APLAPOLLO,1970.0,1945.0,1.29
NCC,145.59,143.73,1.29
SIGMAADV,700.95,692.05,1.29
MCL,58.31,57.57,1.29
JMA,88.41,87.29,1.28
RMDRIP,18.13,17.9,1.28
ASHAPURMIN,738.35,729.1,1.27
ANKITMETAL,1.59,1.57,1.27
BRACEPORT,71.95,71.05,1.27
MAZDA,231.23,228.35,1.26
HGS,428.4,423.05,1.26
SGBN28VIII,14799.0,14614.32,1.26
SILGO,70.17,69.3,1.26
PGHL,6144.5,6068.0,1.26
JSWCEMENT,134.29,132.62,1.26
888ECL28,999.39,987.0,1.26
IT,34.87,34.44,1.25
WEALTH,937.55,925.95,1.25
CENTENKA,610.25,602.7,1.25
FRACTAL,817.7,807.6,1.25
CRISIL,4607.0,4550.6,1.24
GRINDWELL,2133.8,2107.6,1.24
SGBJAN29X,14799.0,14617.5,1.24
DWARKESH,40.87,40.37,1.24
UCAL,118.46,117.01,1.24
RITES,234.24,231.38,1.24
SGBDEC26,14735.0,14555.0,1.24
IVC,8.19,8.09,1.24
HDFCNIFIT,33.66,33.25,1.23
KRBL,378.65,374.05,1.23
CENTEXT,23.0,22.72,1.23
VINSYS,577.0,570.0,1.23
SGBNOV26,14777.0,14599.0,1.22
SBIETFIT,350.14,345.92,1.22
ITBEES,34.98,34.56,1.22
LTTS,3598.7,3555.4,1.22
ONESOURCE,1576.0,1557.1,1.21
MARALOVER,54.51,53.86,1.21
ARFIN,88.03,86.98,1.21
RCOM,0.84,0.83,1.2
OILCOUNTUB,60.73,60.01,1.2
PNGJL,642.85,635.2,1.2
ICIL,426.6,421.55,1.2
IKIO,204.05,201.65,1.19
TNIDETF,90.15,89.09,1.19
EFORCE,21.25,21.0,1.19
DHUNINV,928.5,917.55,1.19
RML,1053.7,1041.4,1.18
SGBMAY28,14777.2,14604.79,1.18
SAJHOTELS,42.95,42.45,1.18
SILVERTUC,195.88,193.6,1.18
PILITA,8.61,8.51,1.18
REDINGTON,354.85,350.75,1.17
NURECA,342.6,338.65,1.17
TRIVENI,233.22,230.53,1.17
ELPROINTL,180.06,177.98,1.17
INDNIPPON,1166.0,1152.5,1.17
NCLIND,179.74,177.69,1.15
TUNWAL,26.4,26.1,1.15
3IINFOLTD,25.79,25.5,1.14
PELATRO,285.0,281.8,1.14
ACUTAAS,3297.9,3260.6,1.14
TATACOMM,1755.2,1735.5,1.14
PROZONER,42.74,42.26,1.14
QUALITY30,21.46,21.22,1.13
SHINDL,162.61,160.79,1.13
GOLDBND,149.45,147.78,1.13
ADROITINFO,9.92,9.81,1.12
SBIN,1097.2,1085.0,1.12
JINDWORLD,38.93,38.5,1.12
TRIDENT,25.18,24.9,1.12
TNTELE,9.03,8.93,1.12
HINDWAREAP,221.04,218.59,1.12
SGBJAN30IX,14803.03,14641.0,1.11
SBIMIDMOM,63.91,63.21,1.11
NDLVENTURE,129.79,128.37,1.11
KPITTECH,629.9,623.0,1.11
WELCORP,1839.8,1819.6,1.11
ORBTEXP,252.72,249.94,1.11
INDIANHUME,392.1,387.8,1.11
PIXTRANS,1717.2,1698.6,1.1
SWELECTES,670.6,663.3,1.1
CARERATING,1749.2,1730.1,1.1
GOKEX,805.5,796.7,1.1
SGBSEP29VI,14863.33,14701.39,1.1
KRMAYURVED,302.0,298.7,1.1
ISHANCH,49.54,49.0,1.1
CANHLIFE,152.19,150.55,1.09
WENDT,8151.0,8063.5,1.09
MANOMAY,218.79,216.43,1.09
TGBHOTELS,9.3,9.2,1.09
JAGRAN,63.46,62.78,1.08
READYMIX,113.8,112.6,1.07
TVSSCS,133.79,132.38,1.07
HDFCPSUBK,88.63,87.69,1.07
GROWWHOSPI,54.57,53.99,1.07
PDSL,361.85,358.05,1.06
SENORES,1342.6,1328.5,1.06
LASERPOWER,295.1,292.0,1.06
SGBOC28VII,14766.77,14612.0,1.06
CHAMUNDA,43.45,43.0,1.05
RAMASTEEL,4.82,4.77,1.05
GRAUWEIL,69.97,69.24,1.05
MNC,34.76,34.4,1.05
ATMASTCO,149.55,148.0,1.05
MOREPENLAB,80.25,79.42,1.05
GROWWSLVR,22.21,21.98,1.05
CONS,12.68,12.55,1.04
WINDLAS,882.85,873.75,1.04
KTKBANK,310.0,306.8,1.04
SGIL,603.3,597.1,1.04
JASH,498.1,493.0,1.03
AMDIND,46.87,46.39,1.03
MITCON,79.32,78.51,1.03
764HUDCO31,1127.52,1116.07,1.03
ARHAM,186.5,184.6,1.03
SGBJU29III,14766.66,14617.6,1.02
SGBD29VIII,14811.05,14661.84,1.02
RAJRILTD,21.85,21.63,1.02
UMA,14.85,14.7,1.02
VINYAS,1282.5,1269.6,1.02
SGBOCT27VI,14799.87,14649.99,1.02
BLUEJET,593.9,587.9,1.02
RTNINDIA,31.79,31.47,1.02
RELIABLE,147.12,145.64,1.02
WOMANCART,94.9,93.95,1.01
NIFTYQLITY,22.01,21.79,1.01
GOLD360,145.5,144.05,1.01
MAHSEAMLES,589.7,583.8,1.01
MONEXT50,74.87,74.12,1.01
AMJLAND,39.36,38.97,1.0
GOLD1,124.73,123.49,1.0
HIRECT,1310.2,1297.2,1.0
SIMBHALS,7.07,7.0,1.0
JARO,458.2,453.65,1.0
KANPRPLA,209.09,207.03,1.0
ANDHRSUGAR,87.98,87.12,0.99
UFLEX,488.7,483.9,0.99
SYNGENE,403.7,399.75,0.99
SAHYADRI,335.45,332.15,0.99
SKFINDIA,1534.3,1519.2,0.99
DHAMPURSUG,150.89,149.41,0.99
694GS2036,102.5,101.5,0.99
HINDCOMPOS,424.0,419.9,0.98
OSWALPUMPS,326.1,322.95,0.98
837IIFL28,990.8,981.2,0.98
ITIETF,34.88,34.54,0.98
LANCORHOL,25.76,25.51,0.98
LICMFGOLD,134.25,132.95,0.98
PRIMO,23.96,23.73,0.97
TSFINV,441.95,437.7,0.97
KREBSBIO,55.04,54.51,0.97
866IIFC34B,1252.0,1240.0,0.97
TFL,11.6,11.49,0.96
SHRINGARMS,233.34,231.13,0.96
WEWORK,755.4,748.2,0.96
MOGOLD,147.45,146.05,0.96
BRNL,17.79,17.62,0.96
CHOICEIN,841.15,833.2,0.95
SGBAUG30,14867.88,14728.17,0.95
TWCGOLDETF,148.89,147.5,0.94
862AEL31,1015.0,1005.55,0.94
QGOLDHALF,123.84,122.69,0.94
DISAQ,11880.0,11769.0,0.94
BEPL,123.57,122.42,0.94
ADL,70.76,70.1,0.94
SRHHYPOLTD,517.45,512.65,0.94
BBNPPGOLD,144.3,142.95,0.94
VRAJ,123.4,122.26,0.93
ENDURANCE,2904.5,2877.7,0.93
IRISDOREME,54.52,54.02,0.93
PCJEWELLER,9.77,9.68,0.93
BAJAJST,390.4,386.8,0.93
SBIBPB,50.64,50.18,0.92
GOACARBON,383.5,380.0,0.92
EKC,112.68,111.65,0.92
GOLDBETA,125.7,124.55,0.92
ZEAL,66.0,65.4,0.92
SHREERAMA,38.38,38.03,0.92
SECMARK,127.15,126.0,0.91
BSLGOLDETF,131.25,130.06,0.91
BAJAJCON,537.45,532.6,0.91
SHANKARA,142.28,140.99,0.91
865IIFL31,998.99,990.0,0.91
ATLANTAELE,1607.4,1592.9,0.91
HERITGFOOD,361.8,358.55,0.91
DCI,354.05,350.9,0.9
CESC,163.94,162.48,0.9
VENUSPIPES,1604.0,1589.9,0.89
GEECEE,363.45,360.25,0.89
PARADEEP,149.45,148.13,0.89
VASWANI,52.14,51.68,0.89
GUJRAFFIA,40.28,39.93,0.88
GOLDADD,145.12,143.86,0.88
SHRADHA,34.22,33.92,0.88
NITINSPIN,577.4,572.35,0.88
1050UCL28,1034.0,1025.0,0.88
GOLDETF,145.03,143.77,0.88
NEXT50BETA,80.47,79.77,0.88
THYROCARE,603.25,598.05,0.87
INFY,1175.1,1165.0,0.87
RIR,161.44,160.05,0.87
AONEGOLD,13.92,13.8,0.87
GSPCROP,597.5,592.35,0.87
VGINFOTECH,157.0,155.65,0.87
EMAMILTD,412.55,409.0,0.87
KRITIKA,5.79,5.74,0.87
737GS2028,104.6,103.7,0.87
695GS2061,94.0,93.2,0.86
ASHOKAMET,14.23,14.11,0.85
LIKHITHA,221.93,220.06,0.85
INDSWFTLAB,228.41,226.48,0.85
ALMONDZ,14.47,14.35,0.84
TATAGOLD,14.49,14.37,0.84
CINELINE,90.83,90.07,0.84
SGBMR29XII,14840.0,14716.5,0.84
SOLARINDS,18650.0,18496.0,0.83
LENSKART,569.7,565.0,0.83
NILASPACES,12.27,12.17,0.82
FALCONTECH,12.35,12.25,0.82
EPACK,229.48,227.61,0.82
ONDOOR,252.0,249.95,0.82
GOLDCASE,23.48,23.29,0.82
ALLTIME,219.59,217.82,0.81
SGBMAY29I,14734.67,14616.33,0.81
NELCAST,125.61,124.6,0.81
GTLINFRA,1.24,1.23,0.81
SGBMAR28X,14849.98,14730.0,0.81
VIESL,312.5,310.0,0.81
ESSENTIA,1.24,1.23,0.81
741GS2036,105.5,104.65,0.81
WSTCSTPAPR,599.1,594.35,0.8
STLTECH,638.9,633.85,0.8
SACHEEROME,459.35,455.7,0.8
BANKPSU,88.6,87.9,0.8
GODIGIT,272.25,270.1,0.8
SENSEXBETA,870.65,863.74,0.8
HDFCGOLD,127.45,126.44,0.8
BIMETAL,665.45,660.15,0.8
KERNEX,2451.8,2432.5,0.79
BAHETI,769.55,763.5,0.79
HINDUNILVR,2096.0,2079.5,0.79
IDEA,12.73,12.63,0.79
VIVIANA,715.8,710.2,0.79
SGBJUL28IV,14707.95,14592.56,0.79
SGBJUL29IV,14735.25,14620.0,0.79
SGBSEP28VI,14850.0,14734.55,0.78
LAURUSLABS,1844.3,1830.0,0.78
VOLTAS,1285.0,1275.0,0.78
EGOLD,149.15,148.0,0.78
SGBNV29VII,14794.29,14679.99,0.78
MEDANTA,1455.6,1444.3,0.78
GLAXO,2599.7,2579.5,0.78
PLAZACABLE,47.8,47.43,0.78
HDFCGROWTH,123.36,122.4,0.78
BANDHANBNK,176.02,174.66,0.78
PSRAJ,77.75,77.15,0.78
HECPROJECT,132.75,131.74,0.77
GROWW,190.5,189.04,0.77
KAYTEX,59.1,58.65,0.77
SHARDAMOTR,941.3,934.15,0.77
MOQUALITY,207.3,205.72,0.77
INDGN,554.45,550.2,0.77
WIPRO,187.53,186.12,0.76
GROWWGOLD,14.57,14.46,0.76
MANORAMA,1636.2,1623.9,0.76
GMMPFAUDLR,987.3,979.85,0.76
GRAVITA,1732.1,1719.1,0.76
APEXECO,273.05,271.0,0.76
TANLA,613.55,608.9,0.76
FEDERALBNK,356.25,353.55,0.76
MADHUCON,5.29,5.25,0.76
SETFGOLD,127.36,126.4,0.76
NECLIFE,10.58,10.5,0.76
MANAPPURAM,366.75,364.0,0.76
VTL,606.75,602.2,0.76
URBANCO,143.74,142.67,0.75
BANCOINDIA,686.95,681.85,0.75
GOLDBEES,123.4,122.48,0.75
MOMNC,33.74,33.49,0.75
TBZ,273.0,271.0,0.74
RELIANCE,1334.8,1325.0,0.74
HATHWAY,10.91,10.83,0.74
KOTYARK,40.68,40.38,0.74
LAMBODHARA,115.12,114.27,0.74
FLAIR,252.4,250.55,0.74
RUBFILA,73.52,72.99,0.73
MAMATA,428.2,425.1,0.73
EFFWA,379.75,377.0,0.73
ABSLMSCIN,30.44,30.22,0.73
IFGLEXPOR,227.1,225.45,0.73
VESUVIUS,449.1,445.85,0.73
OSIAHYPER,2.77,2.75,0.73
STLNETWORK,24.89,24.71,0.73
MONOLITH,928.2,921.45,0.73
LIBAS,9.78,9.71,0.72
MADHUSUDAN,225.3,223.7,0.72
CEREBRAINT,2.81,2.79,0.72
676GS2061,93.37,92.7,0.72
CHOICEGOLD,147.82,146.76,0.72
DCMSRIND,43.07,42.76,0.72
NIF100BEES,274.78,272.82,0.72
WOL3D,142.0,141.0,0.71
HDFCQUAL,59.8,59.38,0.71
AMCL,395.0,392.25,0.7
IVZINGOLD,129.6,128.7,0.7
PATANJALI,357.5,355.0,0.7
PSUBNKBEES,98.03,97.35,0.7
SGBJAN29IX,14704.28,14601.99,0.7
INDUSTOWER,386.0,383.3,0.7
ANANTAM,105.47,104.74,0.7
733GS2026,102.2,101.5,0.69
HITECHCORP,322.3,320.1,0.69
UNIONGOLD,146.3,145.3,0.69
SPCL,66.0,65.55,0.69
MOMGF,167.9,166.75,0.69
MACOBSTECH,210.55,209.1,0.69
SHEETAL,335.35,333.05,0.69
KAYNES,3856.3,3830.0,0.69
76NHAI31,1120.54,1113.0,0.68
HDFCMOMENT,31.24,31.03,0.68
INDUSINVIT,136.98,136.06,0.68
TINNARUBR,1108.1,1100.6,0.68
GROWWPSUBK,88.41,87.81,0.68
KILITCH,193.52,192.23,0.67
MANGALAM,27.19,27.01,0.67
KALAMANDIR,88.77,88.18,0.67
VALUE360,75.0,74.5,0.67
EXCELSOFT,83.65,83.09,0.67
AFIL,9.12,9.06,0.66
MOTOUR,80.98,80.45,0.66
KAMOPAINTS,4.59,4.56,0.66
GOLDAXIS,124.78,123.96,0.66
SGBAPR28I,14795.06,14697.55,0.66
MINDACORP,721.65,716.9,0.66
GROWWLOVOL,10.71,10.64,0.66
STAR,1003.8,997.2,0.66
ALICON,742.75,737.9,0.66
TIINDIA,2772.0,2753.8,0.66
BALRAMCHIN,633.45,629.3,0.66
EICHERMOT,8020.0,7967.5,0.66
KFINTECH,936.0,930.0,0.65
KKJEWELS,101.0,100.35,0.65
SGBAUG28V,14789.82,14694.58,0.65
MOTISONS,13.96,13.87,0.65
BCG,9.3,9.24,0.65
SANATHAN,477.8,474.7,0.65
JTLIND,77.31,76.81,0.65
SURYAROSNI,252.35,250.73,0.65
MOL,52.62,52.28,0.65
RADICO,4499.0,4470.0,0.65
GOLDIETF,127.88,127.05,0.65
DAVANGERE,3.11,3.09,0.65
CORONA,2058.8,2045.5,0.65
TAINWALCHM,207.5,206.16,0.65
21STCENMGM,43.58,43.3,0.65
SGBMAR30X,14755.01,14660.34,0.65
BSE,3457.1,3435.0,0.64
VERTOZ,35.96,35.73,0.64
ACCPL,181.0,179.85,0.64
TREEHOUSE,6.3,6.26,0.64
PPLPHARMA,209.55,208.24,0.63
MYMUDRA,80.0,79.5,0.63
DCMSHRIRAM,1016.8,1010.4,0.63
WIPL,168.05,167.0,0.63
MODEFENCE,106.77,106.1,0.63
VIDYAWIRES,95.46,94.86,0.63
DELAPLEX,88.95,88.4,0.62
JUBLPHARMA,932.0,926.25,0.62
ADANIENSOL,1630.1,1620.0,0.62
BRANDMAN,178.0,176.9,0.62
DRAGARWQ,5285.5,5253.0,0.62
BHARTIARTL,1959.9,1948.0,0.61
SETFNN50,801.58,796.72,0.61
BELLACASA,241.85,240.39,0.61
URJA,9.84,9.78,0.61
GROWWPOWER,11.54,11.47,0.61
PSUBANKADD,88.56,88.02,0.61
OFSS,11805.0,11735.0,0.6
UNIONBANK,183.6,182.5,0.6
SBINMID150,23.38,23.24,0.6
LAXMIINDIA,134.06,133.26,0.6
ADVENTHTL,147.67,146.8,0.59
SIMPLEXINF,238.87,237.48,0.59
NECCLTD,15.23,15.14,0.59
SHETHJI,163.1,162.15,0.59
RGL,123.2,122.48,0.59
720PFCL36,1020.95,1015.0,0.59
DELPHIFX,6.77,6.73,0.59
SEDEMAC,2810.4,2794.3,0.58
AHLEAST,143.23,142.41,0.58
GREENLEAF,113.0,112.35,0.58
SGBDE30III,14842.46,14757.55,0.58
GVPTECH,6.94,6.9,0.58
AKG,8.7,8.65,0.58
RAJRATAN,525.0,521.95,0.58
MAITHANALL,973.35,967.7,0.58
BIRLACORPN,914.35,909.1,0.58
KANSAINER,212.35,211.12,0.58
MCCHRLS-B,679.85,675.9,0.58
CONSUMAXIS,125.84,125.12,0.58
GMRAIRPORT,107.2,106.59,0.57
IFBAGRO,973.75,968.25,0.57
INDUSINDBK,1022.0,1016.2,0.57
HDFCLOWVOL,21.3,21.18,0.57
BCLIND,36.96,36.75,0.57
SINCLAIR,77.03,76.59,0.57
MFML,19.55,19.44,0.57
97MOFSL34,1080.25,1074.08,0.57
NINSYS,739.1,734.9,0.57
SGBJUN28,14741.25,14657.46,0.57
TARIL,297.8,296.15,0.56
ACCELYA,1143.6,1137.2,0.56
TCPLPACK,3148.9,3131.4,0.56
ZYDUSLIFE,1114.2,1108.0,0.56
INFRABEES,982.84,977.36,0.56
PSUBNKIETF,88.76,88.27,0.56
MANAKCOAT,114.51,113.87,0.56
897GS2030,111.62,111.0,0.56
NIMBSPROJ,182.0,181.0,0.55
UNOMINDA,1285.0,1278.0,0.55
SHREYANIND,142.33,141.55,0.55
ASMS,7.25,7.21,0.55
HARIOMPIPE,398.9,396.7,0.55
CYBERTECH,138.24,137.49,0.55
PSUBANK,87.44,86.96,0.55
CHEMFAB,369.0,367.0,0.54
SSDL,53.83,53.54,0.54
84TCHF28,1056.99,1051.27,0.54
SREEL,216.53,215.37,0.54
SAKAR,924.65,919.7,0.54
AJANTPHARM,3489.2,3470.4,0.54
TALBROAUTO,439.35,437.0,0.54
MOMENTUM50,54.0,53.71,0.54
ASTRON,3.74,3.72,0.54
ARVEE,156.52,155.7,0.53
MONARCH,390.65,388.6,0.53
TCIFINANCE,15.16,15.08,0.53
CHETANA,47.25,47.0,0.53
BEDMUTHA,113.01,112.41,0.53
PREMIERENE,1047.2,1041.7,0.53
VENKEYS,1573.4,1565.1,0.53
SUKHJITS,162.04,161.2,0.52
PFS,29.02,28.87,0.52
NOVAAGRI,23.18,23.06,0.52
JSWENERGY,564.4,561.5,0.52
LGEINDIA,1586.5,1578.3,0.52
MANINDS,555.05,552.2,0.52
CAPINVIT,75.91,75.52,0.52
ASTAR,593.05,590.0,0.52
RACLGEAR,1482.7,1475.0,0.52
V2RETAIL,219.44,218.31,0.52
TATAPOWER,380.55,378.6,0.52
IRBINVIT,64.2,63.87,0.52
MOIPO,48.27,48.02,0.52
SJLOGISTIC,316.7,315.05,0.52
DRONE,39.75,39.55,0.51
VAL30IETF,15.63,15.55,0.51
SOMATEX,94.86,94.38,0.51
GROWWDEFNC,97.22,96.73,0.51
NV20IETF,13.91,13.84,0.51
GODREJIND,1311.5,1304.8,0.51
JAMNAAUTO,144.7,143.97,0.51
SHAH,3.91,3.89,0.51
DIVOPPBEES,79.88,79.48,0.5
DAICHI,323.8,322.2,0.5
IOC,143.38,142.66,0.5
BALAXI,24.32,24.2,0.5
BIOFILCHEM,32.39,32.23,0.5
1018GS2026,104.53,104.01,0.5
12AFIL28,9901.0,9852.0,0.5
VEEDOL,1497.3,1489.9,0.5
PVRINOX,1156.0,1150.4,0.49
SBIFUNDS,571.75,568.95,0.49
LGHL,202.82,201.83,0.49
EPIGRAL,1101.2,1095.8,0.49
MASTEK,1832.0,1823.0,0.49
867PFCL33,1261.21,1255.05,0.49
SUNDRMFAST,1090.55,1085.25,0.49
TECHLABS,121.9,121.3,0.49
ABMINTLLTD,41.61,41.41,0.48
INTENTECH,83.39,82.99,0.48
NEXT30ADD,44.26,44.05,0.48
MAHEPC,108.22,107.7,0.48
TMPV,347.0,345.35,0.48
JETFREIGHT,23.05,22.94,0.48
AVIANSH,105.5,105.0,0.48
PFC,420.0,418.0,0.48
MURUDCERA,31.1,30.95,0.48
PCCL,297.4,296.0,0.47
TI,490.75,488.45,0.47
SYRMA,1424.7,1418.0,0.47
GGBL,254.85,253.65,0.47
INDIQUBE,182.6,181.75,0.47
GROWWSC250,10.69,10.64,0.47
HPIL,129.45,128.85,0.47
SHADOWFAX,241.24,240.1,0.47
SOMICONVEY,91.84,91.42,0.46
COMPUSOFT,13.14,13.08,0.46
QUAL30IETF,21.75,21.65,0.46
FMCGADD,49.83,49.6,0.46
574GS2026,101.45,100.99,0.46
BLUEWATER,424.95,423.0,0.46
ARE&M,931.7,927.45,0.46
AETHER,1591.6,1584.4,0.45
SGBSEP31II,14941.96,14874.69,0.45
AERON,77.9,77.55,0.45
BEL,401.0,399.2,0.45
KSR,29.18,29.05,0.45
NATCOPHARM,916.65,912.5,0.45
PNB,114.81,114.3,0.45
SOFTTECH,420.0,418.1,0.45
CEIGALL,333.35,331.9,0.44
MUNJALSHOW,134.21,133.62,0.44
CUMMINSIND,5426.0,5402.0,0.44
MIDCAPBETA,236.76,235.73,0.44
ZYDUSWELL,533.85,531.5,0.44
SHRIKANHA,22.65,22.55,0.44
RATEGAIN,949.15,944.95,0.44
SHREDIGCEM,72.54,72.22,0.44
ONGC,238.85,237.8,0.44
KRIDHANINF,2.29,2.28,0.44
ORCHPHARMA,1001.85,997.55,0.43
DEEM,46.6,46.4,0.43
PRESTIGE,1584.8,1578.0,0.43
IRMENERGY,294.25,293.0,0.43
MTNL,27.81,27.69,0.43
NDL,2.32,2.31,0.43
MAKEINDIA,169.61,168.89,0.43
SGBJUN31I,14878.8,14815.09,0.43
APEX,376.75,375.15,0.43
SNXT30BEES,43.99,43.8,0.43
MID150CASE,11.8,11.75,0.43
KARNIKA,117.0,116.5,0.43
HEALTHCARE,21.77,21.68,0.42
TEXRAIL,108.78,108.33,0.42
ADANIPOWER,209.0,208.12,0.42
DOMS,2260.6,2251.2,0.42
RPOWER,24.34,24.24,0.41
BBTC,1504.1,1498.0,0.41
SIL,17.09,17.02,0.41
SGBJUN30,14755.01,14694.4,0.41
SGBMAR31IV,14900.0,14838.89,0.41
HEALTHY,17.24,17.17,0.41
865IFL28,989.05,985.0,0.41
UFBL,807.6,804.3,0.41
5PAISA,367.55,366.1,0.4
ALKEM,5620.0,5597.5,0.4
KIRANVYPAR,198.36,197.57,0.4
SHARIABEES,475.8,473.9,0.4
MIDBANKADD,17.4,17.33,0.4
RHIM,412.8,411.15,0.4
GLENMARK,2279.1,2270.0,0.4
ASHIMASYN,18.19,18.12,0.39
SPANDANA,257.75,256.75,0.39
WAAREERTL,908.65,905.15,0.39
SUVIDHAA,2.59,2.58,0.39
MOHEALTH,52.1,51.9,0.39
PULZ,25.9,25.8,0.39
LODHA,1218.7,1214.0,0.39
IIFL,611.75,609.35,0.39
RADIANTCMS,38.99,38.84,0.39
VISHWARAJ,5.32,5.3,0.38
URBAN,145.35,144.8,0.38
SBIETFQLTY,229.0,228.14,0.38
ZUARI,227.55,226.69,0.38
HAPPSTMNDS,407.7,406.15,0.38
RAMKY,406.85,405.3,0.38
CANFINHOME,811.3,808.25,0.38
AVTNPL,71.86,71.59,0.38
JHS,7.83,7.8,0.38
KRISHNADEF,1181.4,1176.9,0.38
SMARTWORKS,486.8,485.0,0.37
BBOX,744.45,741.7,0.37
MOMIDMTM,64.81,64.57,0.37
MSUMI,41.16,41.01,0.37
DEFENCE,81.2,80.9,0.37
DLINKINDIA,444.95,443.3,0.37
KMEW,2528.4,2519.2,0.37
KAMDHENU,35.18,35.05,0.37
SGBSEP27,14800.0,14745.71,0.37
DPWIRES,167.03,166.43,0.36
880IREDA29,1118.0,1114.0,0.36
BAJAJ-AUTO,11662.0,11620.0,0.36
NEPHROPLUS,694.15,691.65,0.36
COMMOIETF,101.67,101.32,0.35
ALIVUS,1329.8,1325.2,0.35
SETF10GILT,266.9,266.0,0.34
CGPOWER,879.0,876.0,0.34
POLICYBZR,1604.5,1599.0,0.34
MOENERGY,38.84,38.71,0.34
DCM,82.49,82.21,0.34
SJS,2446.1,2437.7,0.34
BANSALWIRE,332.2,331.1,0.33
VALUEAXIS,33.59,33.48,0.33
NESTLEIND,1540.0,1535.0,0.33
DIVIDEND,36.52,36.4,0.33
GSEC10YEAR,30.65,30.55,0.33
INFRAIETF,97.67,97.35,0.33
HARSHA,426.4,425.0,0.33
EBGNG,525.65,523.9,0.33
ALPL30IETF,28.56,28.47,0.32
812REC27,1025.25,1022.0,0.32
667GS2050,92.8,92.5,0.32
898LTF29,1074.01,1070.55,0.32
NEPTUNE,186.0,185.4,0.32
GANESHBE,120.41,120.02,0.32
CUBEINVIT,158.85,158.35,0.32
GKSL,134.38,133.95,0.32
ZTECH,524.7,523.05,0.32
718GS2037,102.52,102.2,0.31
KIMS,811.1,808.6,0.31
POWERGRID,271.6,270.75,0.31
BIRLAPREC,35.05,34.94,0.31
PRADPME,515.2,513.6,0.31
SHUBHSHREE,345.0,343.95,0.31
METALIETF,13.27,13.23,0.3
CYIENT,857.5,854.9,0.3
JLHL,320.2,319.25,0.3
SGBJUN29II,14881.32,14836.46,0.3
975SCL28,998.99,996.0,0.3
SUPERHOUSE,159.5,159.02,0.3
RAJMET,3.35,3.34,0.3
KNACK,208.34,207.71,0.3
ARIS,132.42,132.03,0.3
NETF,268.32,267.52,0.3
SBIETFCON,125.64,125.27,0.3
GML,17.05,17.0,0.29
CONSUMIETF,126.13,125.77,0.29
SGBFEB28IX,14740.0,14698.0,0.29
TMB,875.95,873.4,0.29
SHIVAUM,421.0,419.8,0.29
NARMADA,13.89,13.85,0.29
JSL,734.65,732.5,0.29
MRIL,69.9,69.7,0.29
BANK10ADD,17.05,17.0,0.29
FLEXIADD,10.33,10.3,0.29
JYOTHYLAB,206.47,205.87,0.29
RBMINFRA,266.0,265.25,0.28
NV20BEES,142.88,142.48,0.28
PERSISTENT,5475.0,5459.5,0.28
GLOBUSSPR,906.3,903.75,0.28
BIGBLOC,46.85,46.72,0.28
AIRAN,15.09,15.05,0.27
GRMOVER,90.33,90.09,0.27
TCC,273.75,273.0,0.27
AMRUTANJAN,521.4,520.0,0.27
MOLDTKPAC,685.35,683.5,0.27
DALBHARAT,1827.4,1822.5,0.27
INDIGO,5333.0,5318.5,0.27
HDFCAMC,2545.0,2538.1,0.27
SGBAUG27,14730.0,14690.0,0.27
DHARMAJ,265.55,264.85,0.26
DELTAMAGNT,58.59,58.44,0.26
HALDER,261.44,260.77,0.26
JUSTDIAL,683.3,681.55,0.26
RANEHOLDIN,1766.2,1761.6,0.26
RAYMONDREL,690.0,688.2,0.26
GROWWN200,11.57,11.54,0.26
BPL,53.56,53.42,0.26
943ECL28,1004.9,1002.25,0.26
865TCAPS27,1092.25,1089.41,0.26
SYMPHONY,654.05,652.4,0.25
734GS2064,99.4,99.15,0.25
PRAKASHSTL,3.98,3.97,0.25
HDFCNIFTY,277.35,276.66,0.25
ULTRACEMCO,12105.0,12075.0,0.25
BAGMANE,107.38,107.11,0.25
CONSUMER,12.22,12.19,0.25
VALUE,16.48,16.44,0.24
ARENTERP,37.91,37.82,0.24
AMBICAAGAR,24.89,24.83,0.24
TIMKEN,3351.0,3343.1,0.24
UNITECH,4.15,4.14,0.24
LUXIND,1269.4,1266.4,0.24
GPPL,151.63,151.26,0.24
VOLTAMP,9965.0,9941.0,0.24
891NTPC33,1278.0,1275.0,0.24
SUBROS,828.7,826.7,0.24
KEC,478.85,477.7,0.24
RATNAVEER,206.1,205.61,0.24
SAHAJSOLAR,109.65,109.4,0.23
CCAVENUE,17.17,17.13,0.23
BAJAJHIND,17.57,17.53,0.23
RENUKA,22.17,22.12,0.23
METAL,13.3,13.27,0.23
GENCON,39.47,39.38,0.23
HOMEFIRST,1193.8,1191.1,0.23
SGBAUG29V,14823.5,14789.38,0.23
MARICO,862.0,860.0,0.23
OWAIS,91.85,91.65,0.22
LOYALTEX,215.0,214.53,0.22
SILKFLEX,201.65,201.2,0.22
1050ISFL28,1050.35,1048.0,0.22
ROSSTECH,1092.65,1090.2,0.22
EMULTIMQ,41.63,41.54,0.22
RNBDENIMS,9.06,9.04,0.22
PODDARMENT,257.45,256.9,0.21
TOP10ADD,89.46,89.27,0.21
MIDHANI,435.15,434.25,0.21
HNDFDS,576.2,575.0,0.21
781KL37,95.2,95.0,0.21
MIDSMALL,52.01,51.9,0.21
BALAJITELE,85.72,85.54,0.21
GREENLAM,273.7,273.15,0.2
LGBBROSLTD,1523.5,1520.4,0.2
MIDSELIETF,19.79,19.75,0.2
MIDQ50ADD,25.57,25.52,0.2
89IHFL29,982.0,980.0,0.2
SURANI,99.2,99.0,0.2
GLOBECIVIL,39.81,39.73,0.2
NEXT50IETF,78.67,78.51,0.2
ORIENTALTL,5.16,5.15,0.19
KRT,117.32,117.1,0.19
LALPATHLAB,1931.6,1928.0,0.19
738REC27TF,1068.5,1066.46,0.19
668GS2040,98.38,98.19,0.19
HAVELLS,1288.0,1285.5,0.19
ALLDIGI,810.35,808.8,0.19
ALPHAETF,26.5,26.45,0.19
DECCANCE,579.35,578.25,0.19
NTPCGREEN,91.5,91.33,0.19
CANBK,131.95,131.7,0.19
MRF,134190.0,133930.0,0.19
ARKADE,140.02,139.75,0.19
SUVEN,318.4,317.8,0.19
SGBDE31III,15051.08,15024.28,0.18
DHANBANK,32.8,32.74,0.18
MAFANG,206.29,205.91,0.18
COFORGE,1776.0,1772.8,0.18
BEWLTD,55.1,55.0,0.18
SRTL,39.79,39.72,0.18
SASKEN,1920.6,1917.1,0.18
BAJAJHCARE,329.8,329.2,0.18
JINDALSTEL,1103.0,1101.0,0.18
965AEL27,1103.0,1101.0,0.18
AARTIIND,502.1,501.2,0.18
ELM250,17.01,16.98,0.18
851HUDCO28,1127.05,1125.01,0.18
769HUDCO31,1132.0,1129.97,0.18
99AEL29,1149.99,1148.0,0.17
TECHM,1635.0,1632.2,0.17
KIRLFER,445.1,444.35,0.17
SELECTIPO,48.09,48.01,0.17
BIRET,344.99,344.42,0.17
MOVALUE,116.06,115.86,0.17
BHAGERIA,207.43,207.07,0.17
KRSNAA,560.85,559.9,0.17
MIDCAPETF,23.9,23.86,0.17
SADHAV,115.85,115.65,0.17
690GS2065,93.95,93.8,0.16
NEXT50ADD,75.23,75.11,0.16
68GS2060,93.55,93.4,0.16
BAFNAPH,285.0,284.55,0.16
SBISMLETF,18.44,18.41,0.16
VIPIND,315.0,314.5,0.16
TRF,232.79,232.41,0.16
MIDCAP,18.57,18.54,0.16
INFRA,12.25,12.23,0.16
CARTRADE,2793.0,2788.4,0.16
MONTECARLO,499.7,498.95,0.15
MOMETAL,13.19,13.17,0.15
PGHH,8497.0,8484.0,0.15
3BBLACKBIO,1207.7,1205.9,0.15
668GS2033,98.85,98.7,0.15
AJMERA,123.65,123.47,0.15
LATTEYS,20.44,20.41,0.15
EQUAL200,14.09,14.07,0.14
CELEBRITY,6.99,6.98,0.14
MPEL,36.75,36.7,0.14
LFIC,139.52,139.33,0.14
NV20,14.24,14.22,0.14
FIRSTCRY,214.2,213.89,0.14
BLS,254.33,253.98,0.14
PRIMECAB,182.65,182.4,0.14
RIIT,116.98,116.82,0.14
IPHL,70.25,70.15,0.14
MAHABANK,78.28,78.17,0.14
810IRFC27,1076.01,1074.5,0.14
830NHAI27,1082.0,1080.5,0.14
SONAMAC,34.55,34.5,0.14
ASTRAL,1444.0,1442.0,0.14
796AP38,96.0,95.87,0.14
STARPAPER,152.53,152.31,0.14
HONDAPOWER,2093.4,2090.5,0.14
VAIBHAVGBL,242.95,242.6,0.14
MEIL,276.4,276.0,0.14
SHOPERSTOP,420.05,419.5,0.13
HDFCNEXT50,75.99,75.89,0.13
ESABINDIA,5631.5,5624.0,0.13
865SCL27,1001.31,1000.0,0.13
SWARAJENG,3600.4,3595.8,0.13
NLCINDIA,304.4,304.0,0.13
AMBER,7435.0,7425.0,0.13
INDOTECH,3792.6,3787.5,0.13
ANURAS,1214.6,1213.0,0.13
754GS2036,106.64,106.5,0.13
HDFCMID150,23.69,23.66,0.13
RILINFRA,37.75,37.7,0.13
HARRMALAYA,222.53,222.27,0.12
MULTICAP,16.99,16.97,0.12
CAPITALSFB,296.2,295.85,0.12
ABSLAMC,1025.3,1024.1,0.12
SUNFLAG,389.4,388.95,0.12
ATAM,64.69,64.61,0.12
724GS2055,101.35,101.24,0.11
ABFRL,63.33,63.26,0.11
PHARMABEES,27.32,27.29,0.11
TEXINFRA,113.61,113.48,0.11
1165ESFB32,102111.0,102000.0,0.11
SADBHAV,8.94,8.93,0.11
KWIL,34.86,34.82,0.11
BBETF0432,1353.29,1351.96,0.1
865SCL26,1001.55,1000.5,0.1
MOM30IETF,31.49,31.46,0.1
SBIETFPB,283.93,283.64,0.1
VSTIND,219.77,219.56,0.1
MEGATHERM,208.2,208.0,0.1
82HUDCO27,1050.0,1049.0,0.1
3MINDIA,36035.0,36000.0,0.1
PLASTIBLEN,197.69,197.49,0.1
AONETMMQ50,10.21,10.2,0.1
SUZLON,48.15,48.1,0.1
ENERGY,38.89,38.85,0.1
723GS2039,104.6,104.5,0.1
734IRFC28,1086.0,1085.0,0.09
935LTF29,1111.0,1110.0,0.09
PGINVIT,99.78,99.69,0.09
DRREDDY,1172.0,1171.0,0.09
TOP100CASE,10.81,10.8,0.09
105IIFL29,1077.0,1076.0,0.09
AMBANIORGO,106.6,106.5,0.09
865IRFC29,1108.0,1107.0,0.09
IPCALAB,1735.8,1734.2,0.09
GMBREW,908.35,907.5,0.09
ABSLNN50ET,78.45,78.38,0.09
876HUDCO28,1141.5,1140.5,0.09
KEI,5600.0,5595.0,0.09
HEMIPROP,138.04,137.93,0.08
948SCL26A,332.72,332.44,0.08
NEXT50,770.55,769.91,0.08
MOMMIDCAP,12.9,12.89,0.08
KITEX,144.85,144.74,0.08
BANSWRAS,123.88,123.78,0.08
BSOFT,318.5,318.25,0.08
COLPAL,2030.0,2028.4,0.08
AONETOTAL,12.11,12.1,0.08
MARATHON,386.1,385.8,0.08
EBBETF0430,1614.43,1613.33,0.07
ACSTECH,46.0,45.97,0.07
SAMPANN,27.52,27.5,0.07
915APSBC28,103420.0,103346.12,0.07
GROWWRAIL,29.52,29.5,0.07
738GS2027,102.22,102.15,0.07
TAC,511.05,510.7,0.07
LTGILTBEES,30.07,30.05,0.07
PRUDMOULI,13.44,13.43,0.07
POLYPLEX,1115.9,1115.1,0.07
LAXMICOT,14.79,14.78,0.07
IMPAL,1097.7,1096.9,0.07
AIIL,596.6,596.2,0.07
BUILDPRO,1336.2,1335.2,0.07
ADANIGREEN,1372.4,1371.5,0.07
751HUDCO28,1063.2,1062.43,0.07
ITC,286.1,285.9,0.07
EMBASSY,441.28,440.95,0.07
GROBTEA,900.0,899.4,0.07
860AEL28,1043.0,1042.22,0.07
HEALTHADD,16.88,16.87,0.06
KSHINTL,899.9,899.35,0.06
CPSEETF,94.27,94.21,0.06
MOPSE,101.3,101.24,0.06
3PLAND,32.12,32.1,0.06
AWL,197.5,197.38,0.06
JUNIORBEES,807.63,807.25,0.05
706GS2028,103.05,103.0,0.05
UMAEXPORTS,20.07,20.06,0.05
828GS2032,110.0,109.94,0.05
LIQUIDBETA,1003.45,1002.91,0.05
PUNJABCHEM,1111.1,1110.6,0.05
MOSMALL250,18.47,18.46,0.05
CIEINDIA,410.5,410.3,0.05
MOALPHA50,55.75,55.72,0.05
ELIQUID,1042.84,1042.44,0.04
YESBANK,22.69,22.68,0.04
MID150,23.76,23.75,0.04
SBILIQETF,1051.03,1050.6,0.04
LIQUIDSHRI,1116.52,1116.09,0.04
LIQUID1,1117.32,1116.87,0.04
DYNPRO,260.7,260.6,0.04
MAHLIFE,386.55,386.4,0.04
GUJAPOLLO,367.75,367.6,0.04
HDFCNIF100,26.56,26.55,0.04
GROWWLIQID,110.26,110.22,0.04
LIQUIDBETF,1093.82,1093.38,0.04
LIQGRWBEES,1050.9,1050.52,0.04
GEEKAYWIRE,22.53,22.52,0.04
INFOBEAN,167.84,167.77,0.04
AONELIQUID,1071.78,1071.36,0.04
HDFCLIQUID,1072.9,1072.48,0.04
GILT5BETA,67.29,67.26,0.04
LIQUIDADD,1139.43,1139.01,0.04
JPOLYINVST,1066.2,1065.8,0.04
LIQUIDPLUS,1098.06,1097.61,0.04
CASHIETF,1074.48,1074.03,0.04
UPL,573.0,572.75,0.04
91D081026,98.98,98.95,0.03
LTGILTCASE,30.62,30.61,0.03
MOSERVICE,31.77,31.76,0.03
PAKKA,72.17,72.15,0.03
BBNPNBETF,58.46,58.44,0.03
MINDSPACE,495.12,494.98,0.03
LICNETFGSC,29.57,29.56,0.03
NIF100IETF,28.72,28.71,0.03
KRYSTAL,600.25,600.05,0.03
LIQUIDCASE,115.38,115.34,0.03
709GS2074,95.48,95.46,0.02
MOMOMENTUM,62.57,62.56,0.02
CUBEXTUB,80.07,80.05,0.02
96IIFL28,1003.93,1003.73,0.02
NEOGEN,2031.9,2031.5,0.02
1025UCL26A,1018.72,1018.5,0.02
ENTERO,1242.7,1242.5,0.02
NYKAA,332.0,331.95,0.02
890AEL31,1050.21,1049.95,0.02
INOXINDIA,1954.7,1954.4,0.02
EBANKNIFTY,58.44,58.43,0.02
RPPINFRA,57.86,57.85,0.02
BALKRISIND,2466.3,2465.7,0.02
ARMANFIN,2032.0,2031.5,0.02
BLKASHYAP,55.98,55.97,0.02
ASTEC,620.5,620.35,0.02
888IRFC29,1124.91,1124.84,0.01
TEAMLEASE,1253.6,1253.5,0.01
PRAKASH,128.73,128.72,0.01
EBBETF0431,1441.35,1441.23,0.01
MID150BEES,241.58,241.55,0.01
NH,1885.1,1885.0,0.01
BUTTERFLY,681.75,681.65,0.01
HEALTHIETF,171.26,171.24,0.01
ANUHPHR,79.32,79.31,0.01
MAHSCOOTER,13818.0,13817.0,0.01
84CIFCL28,1017.0,1016.85,0.01
1015ECL29,1025.36,1025.23,0.01
771GS2066,104.5,104.49,0.01
GSEC10IETF,265.0,265.0,0.0
NATIONALUM,381.0,381.0,0.0
MEGAFLEX,100.0,100.0,0.0
IBLFL,61.0,61.0,0.0
GAYAHWS,1.98,1.98,0.0
NAMAN,43.75,43.75,0.0
AILIMITED,35.85,35.85,0.0
VIKASECO,1.11,1.11,0.0
8ABCL26,1063.0,1063.0,0.0
VIKASLIFE,1.26,1.26,0.0
950ISF27C,10004.99,10005.01,-0.0
CONTI,11.6,11.6,0.0
KANANIIND,1.51,1.51,0.0
115VCCL28,99100.01,99100.01,0.0
603GS2029,100.36,100.36,0.0
LIQUID,999.99,999.99,0.0
FILATFASH,0.18,0.18,0.0
SGBDC27VII,14750.0,14750.0,0.0
MOINFRA,60.7,60.7,0.0
VINNY,1.07,1.07,0.0
AAKASH,8.99,8.99,0.0
746GS2073,100.95,100.95,0.0
10UCL26,997.2,997.2,0.0
TVSMNCRPS,10.5,10.5,0.0
CEDAAR,16.5,16.5,0.0
718GS2033,106.3,106.3,0.0
96IIFL28A,1004.09,1004.1,-0.0
FLEXITUFF,3.69,3.69,0.0
DANGEE,2.95,2.95,0.0
MARUSHIKA,103.0,103.0,0.0
753IRFC30,1132.01,1132.01,0.0
83GS2042,105.1,105.1,0.0
DUCOL,107.1,107.1,0.0
PFCL41A,954.0,954.0,0.0
PARKHOSPS,292.25,292.25,0.0
DCG,55.65,55.65,0.0
JIWANRAM,4.95,4.95,0.0
TOKYOPLAST,81.0,81.0,0.0
846REC28,1120.0,1120.0,0.0
7PFCL31,1000.01,1000.01,0.0
ELMDIV,36.91,36.91,0.0
PIRAMALFIN,2109.7,2109.7,0.0
FEL,0.37,0.37,0.0
HIGREEN,138.95,138.95,0.0
AGSTRA,2.04,2.04,0.0
TRIDENT,24.9,24.9,0.0
DBEIL,7.26,7.26,0.0
PRATHAM,120.0,120.0,0.0
FCSSOFT,1.47,1.47,0.0
ANYA,15.25,15.25,0.0
MAKS,17.2,17.2,0.0
PRLIND,43.95,43.95,0.0
PREMIUM,39.0,39.0,0.0
IIFLZC28,1653.01,1653.01,0.0
CUDML,133.0,133.0,0.0
OBCL,53.5,53.5,0.0
INM,166.0,166.0,0.0
MGSL,75.75,75.75,0.0
805NMC30,129.0,129.0,0.0
NIRAJISPAT,216.0,216.0,0.0
LIQUIDBEES,1000.0,999.99,0.0
NEXTMEDIA,3.95,3.95,0.0
SUNDARAM,1.23,1.23,0.0
LIQUIDIETF,999.99,999.99,0.0
ABSLLIQUID,1000.0,999.99,0.0
QUADPRO,2.4,2.4,0.0
GROWWMOM50,10.85,10.85,0.0
PUSHPA,113.0,113.0,0.0
ABSLPSE,10.34,10.34,0.0
PRITIKA,64.0,64.0,0.0
719GS2060,101.9,101.9,0.0
DHARAN,0.15,0.15,0.0
SPUNWEB,102.0,102.0,0.0
WHITEFORCE,39.0,39.0,0.0
SAKUMA,1.63,1.63,0.0
GURUNANAK,40.0,40.0,0.0
MAGSON,180.0,180.0,0.0
BHANDARI,2.86,2.86,0.0
IIFL06326,980.0,980.0,0.0
LIQUIDSBI,1000.0,1000.01,-0.0
SANGANI,45.0,45.0,0.0
ESSARSHPNG,19.86,19.86,0.0
792PN44,95.0,95.0,0.0
754TS55,95.0,95.0,0.0
SBIVALETF,15.15,15.15,0.0
AXITA,7.3,7.3,0.0
890SFIL23A,420.0,420.0,0.0
IIFLZC26,1487.8,1487.8,0.0
797IGT31,1015.0,1014.99,0.0
1025SCL34B,1010.0,1010.0,0.0
820IIFL27,995.0,995.01,-0.0
MADHAVIPL,7.78,7.78,0.0
SDREAMS,87.5,87.5,0.0
BALAJIPHOS,89.0,89.0,0.0
LIQUIDETF,1000.0,1000.0,0.0
DLF,642.0,642.0,0.0
DIXON,14200.0,14200.0,0.0
GOLDSTAR,6.8,6.8,0.0
ASHOKLEY,177.5,177.5,0.0
SMARTEN,52.0,52.0,0.0
91MOFSL27,1025.0,1025.0,0.0
182D221026,98.2,98.2,0.0
CIFC26A,1264.5,1264.5,0.0
CIFCZC26,1240.0,1240.0,0.0
IMC1,254.98,254.98,0.0
875SFL27,1004.0,1004.0,0.0
9SCL26BA,1070.0,1070.0,0.0
903SFL28,1042.0,1042.0,0.0
LANDSMILL,0.8,0.8,0.0
SERVICE,61.0,61.0,0.0
SETCO,17.75,17.75,0.0
SHEEL,65.1,65.1,0.0
SCILAL,41.14,41.14,0.0
BALAJEE,27.17,27.17,0.0
SHUBHLAXMI,18.95,18.95,0.0
702GS2027,101.01,101.01,0.0
CRAYONS,27.2,27.2,0.0
CREATIVEYE,6.27,6.27,0.0
MOBILISE,115.9,115.9,0.0
MODTHREAD,48.24,48.24,0.0
MODINATUR,391.35,391.35,0.0
VISACHROME,37.99,37.99,0.0
848NTPC28,1152.0,1152.0,0.0
MSCI360,10.35,10.35,0.0
654GS2032,101.0,101.0,0.0
ENEXT50,74.4,74.4,0.0
SIRCA,449.9,449.95,-0.01
87LTF27,1009.9,1010.0,-0.01
KOTHARIPET,149.52,149.53,-0.01
915AEL28,1019.15,1019.24,-0.01
NOVARTIND,1609.6,1609.7,-0.01
CONSUMBEES,135.45,135.47,-0.01
POWERMECH,2616.7,2617.0,-0.01
WELINV,1851.0,1851.4,-0.02
WELSPLSOL,50.01,50.02,-0.02
SUMIT,56.77,56.78,-0.02
GSEC5IETF,66.5,66.51,-0.02
APOLLO,403.85,403.95,-0.02
DYNAMATECH,11401.0,11403.0,-0.02
GILT5YBEES,66.49,66.5,-0.02
865LTF26,1059.75,1060.0,-0.02
GRSE,2599.0,2599.4,-0.02
NIFTYBETA,272.76,272.82,-0.02
RBZJEWEL,150.91,150.96,-0.03
RUCHIRA,111.18,111.21,-0.03
SCHAEFFLER,4035.2,4036.3,-0.03
ZAGGLE,206.06,206.13,-0.03
NIFTY100EW,36.04,36.05,-0.03
PAYTM,1441.6,1442.0,-0.03
ESCORTS,3080.0,3081.0,-0.03
ODIGMA,23.13,23.14,-0.04
73GS2053,99.46,99.5,-0.04
NUCLEUS,698.25,698.55,-0.04
ERIS,1382.4,1382.9,-0.04
79NHIT40,315.89,316.02,-0.04
LMW,16629.0,16635.0,-0.04
MIDCAPADD,23.42,23.43,-0.04
DAMODARIND,28.49,28.5,-0.04
INTELLECT,721.35,721.65,-0.04
SBC,41.16,41.18,-0.05
DTIL,132.91,132.98,-0.05
SMALLADD,18.42,18.43,-0.05
FDC,369.8,370.0,-0.05
63MOONS,857.75,858.2,-0.05
MUKANDLTD,143.22,143.29,-0.05
EXCELINDUS,1029.0,1029.55,-0.05
648GS2035,101.15,101.2,-0.05
INDOCO,221.73,221.83,-0.05
769NHAI31,1147.46,1148.0,-0.05
ALPHA,53.48,53.51,-0.06
GKWLIMITED,1628.7,1629.7,-0.06
JINDALPHOT,1063.0,1063.6,-0.06
DONEAR,84.48,84.53,-0.06
87HMDA32,103654.79,103713.29,-0.06
APTUS,260.65,260.8,-0.06
EQUAL50,340.12,340.34,-0.06
CEMNTGROWW,15.5,15.51,-0.06
764NABAR31,1110.0,1110.81,-0.07
ABBOTINDIA,27835.0,27855.0,-0.07
BROOKS,60.01,60.05,-0.07
601GS2030,101.8,101.87,-0.07
MSCIINDIA,30.48,30.5,-0.07
MOM50,258.3,258.49,-0.07
SHREEJISPG,672.8,673.3,-0.07
SGBFEB32IV,15111.47,15121.34,-0.07
INDIANCARD,219.99,220.15,-0.07
NIFTYADD,258.71,258.89,-0.07
901HUDCO34,1289.0,1290.0,-0.08
MONIFTY500,24.28,24.3,-0.08
MCX,2638.0,2640.0,-0.08
MIDCAPIETF,24.15,24.17,-0.08
COALINDIA,415.25,415.6,-0.08
ACL,47.95,47.99,-0.08
BANKIETF,59.44,59.49,-0.08
ALOKINDS,11.97,11.98,-0.08
865IIFL28,998.7,999.57,-0.09
HNGSNGBEES,486.54,486.98,-0.09
PITTIENG,939.95,940.8,-0.09
FMCGIETF,52.99,53.04,-0.09
ADOR,1483.4,1484.8,-0.09
BNKETFAXIS,598.24,598.76,-0.09
RSL,152.72,152.85,-0.09
ADANIPORTS,1693.5,1695.0,-0.09
COMMITTED,349.7,350.0,-0.09
SAIL,176.58,176.74,-0.09
HARDWYN,11.26,11.27,-0.09
842IIFL26,999.0,999.9,-0.09
AWFIS,271.65,271.9,-0.09
SEIL,202.41,202.6,-0.09
AFSL,201.04,201.25,-0.1
TOP15IETF,10.12,10.13,-0.1
MAYURUNIQ,773.1,773.85,-0.1
IRCTC,519.95,520.45,-0.1
RPSGVENT,920.1,921.05,-0.1
SANOFI,3349.4,3352.6,-0.1
GANDHAR,242.71,242.95,-0.1
DBCORP,210.41,210.65,-0.11
OBEROIRLTY,1775.0,1777.0,-0.11
CCL,1130.0,1131.2,-0.11
AGI,709.8,710.55,-0.11
YATHARTH,870.5,871.45,-0.11
NAMOEWASTE,275.1,275.4,-0.11
INNOVISION,284.8,285.1,-0.11
BEEKAY,394.0,394.45,-0.11
SGMART,716.35,717.15,-0.11
WAKEFIT,127.76,127.9,-0.11
AVROIND,9.1,9.11,-0.11
MMTC,63.98,64.05,-0.11
DEVX,34.0,34.04,-0.12
CITIUSINVT,109.95,110.08,-0.12
ALANKIT,8.08,8.09,-0.12
USHAMART,515.05,515.65,-0.12
ELCIDIN,112260.0,112400.0,-0.12
BIKAJI,623.5,624.25,-0.12
BANKBARODA,250.7,251.0,-0.12
ENIFTY,24.89,24.92,-0.12
GTPL,59.79,59.86,-0.12
LOKESHMACH,344.4,344.85,-0.13
NIBE,1419.0,1420.9,-0.13
AARNAV,30.82,30.86,-0.13
VERANDA,257.95,258.3,-0.14
STARTECK,256.95,257.3,-0.14
GILLETTE,7683.5,7694.0,-0.14
LUMAXIND,5791.5,5799.5,-0.14
SENSEXADD,81.05,81.16,-0.14
985ECL28,1003.99,1005.41,-0.14
LT,4056.0,4061.8,-0.14
GANESHHOU,760.75,761.85,-0.14
92GS2030,113.84,114.0,-0.14
NAZARA,352.35,352.85,-0.14
ELGIEQUIP,588.45,589.25,-0.14
OSWALGREEN,22.04,22.07,-0.14
HLVLTD,7.24,7.25,-0.14
EVEREADY,356.8,357.3,-0.14
KAMAHOLD,2506.7,2510.4,-0.15
SOUTHWEST,232.06,232.42,-0.15
SBICARD,659.0,660.0,-0.15
LICHSGFIN,504.25,505.0,-0.15
NIRLON,620.0,620.95,-0.15
ABSLBANETF,59.34,59.43,-0.15
DEN,27.32,27.36,-0.15
MUTHOOTFIN,2890.0,2894.2,-0.15
INDIGRID,178.23,178.49,-0.15
HERANBA,178.78,179.05,-0.15
ARVINDFASN,458.8,459.5,-0.15
TVSSRICHAK,3964.9,3971.2,-0.16
UMIYA-MRO,90.03,90.17,-0.16
DOLLEX,30.45,30.5,-0.16
IVALUE,273.95,274.4,-0.16
725GS2063,97.42,97.59,-0.17
MOREALTY,89.03,89.18,-0.17
GREENPLY,286.35,286.85,-0.17
HDFCNIMEG,131.8,132.02,-0.17
SALASAR,5.88,5.89,-0.17
82IGT31,1028.27,1030.0,-0.17
VIKRAN,71.59,71.71,-0.17
VAKRANGEE,5.99,6.0,-0.17
GODFRYPHLP,2286.0,2290.0,-0.17
SPLPETRO,701.45,702.65,-0.17
RRKABEL,2759.5,2764.4,-0.18
BEARDSELL,27.24,27.29,-0.18
SURYALA,398.9,399.6,-0.18
CANTABIL,227.69,228.1,-0.18
CUPID,262.13,262.61,-0.18
LOWVOL1,21.74,21.78,-0.18
SUBAHOTELS,111.0,111.2,-0.18
MAHESHWARI,72.86,73.0,-0.19
SANSTAR,113.41,113.63,-0.19
930APMD30,103150.0,103350.0,-0.19
DELTACORP,63.33,63.45,-0.19
IVZINNIFTY,282.78,283.31,-0.19
KIRLOSIND,3759.6,3767.2,-0.2
NIFTYCASE,9.88,9.9,-0.2
892PFCL33,1278.49,1281.0,-0.2
LATENTVIEW,297.2,297.8,-0.2
SGBFEB29XI,14650.01,14679.16,-0.2
NESCO,1047.1,1049.2,-0.2
HYBRIDETF,10.12,10.14,-0.2
EBBETF0433,1317.81,1320.49,-0.2
10IIFL28,1004.0,1005.99,-0.2
LICNETFN50,275.05,275.59,-0.2
1003IIFL29,1008.0,1010.0,-0.2
JAICORPLTD,103.74,103.95,-0.2
HAL,4910.0,4920.0,-0.2
ADANIENT,3020.0,3026.0,-0.2
AONENIFTY,10.14,10.16,-0.2
AGROPHOS,28.4,28.46,-0.21
SIGNPOST,267.55,268.1,-0.21
BOMDYEING,120.23,120.48,-0.21
MOLOWVOL,37.56,37.64,-0.21
ANIKINDS,43.0,43.09,-0.21
SAGILITY,43.67,43.76,-0.21
HDFCVALUE,128.25,128.52,-0.21
RELCHEMQ,129.76,130.03,-0.21
HDFCNIFBAN,59.5,59.63,-0.22
WINSOL,112.0,112.25,-0.22
NFPSAMPOOR,23.05,23.1,-0.22
UNIENTER,97.16,97.37,-0.22
MAXHEALTH,1070.0,1072.4,-0.22
JAYNECOIND,92.37,92.57,-0.22
IPL,145.29,145.61,-0.22
SIS,434.95,435.9,-0.22
LCL,530.3,531.45,-0.22
BASML,27.04,27.1,-0.22
SMALL250,18.4,18.44,-0.22
SSWL,308.5,309.2,-0.23
MOBANK10,17.08,17.12,-0.23
ZFSTEERING,658.35,659.85,-0.23
PTL,39.85,39.94,-0.23
CDSL,1328.0,1331.0,-0.23
CENTURYPLY,781.95,783.75,-0.23
BANKBEES,598.78,600.16,-0.23
MSCIADD,30.16,30.23,-0.23
LAL,8.78,8.8,-0.23
KRISHIVAL,389.2,390.1,-0.23
KDL,102.65,102.9,-0.24
ANANTRAJ,615.9,617.4,-0.24
91D221026,98.45,98.69,-0.24
RTL,81.9,82.1,-0.24
CEWATER,275.95,276.65,-0.25
ICICIAMC,3072.8,3080.4,-0.25
1025PATE28,99850.0,100100.0,-0.25
TVSELECT,506.9,508.15,-0.25
AARON,134.24,134.57,-0.25
WSI,59.92,60.07,-0.25
METROPOLIS,563.2,564.6,-0.25
ITCHOTELS,170.65,171.08,-0.25
OILIETF,11.47,11.5,-0.26
INOXWIND,78.0,78.2,-0.26
NIFTYBETF,252.43,253.09,-0.26
9IIFL28A,1033.3,1036.0,-0.26
FCL,41.64,41.75,-0.26
LOWVOLIETF,22.76,22.82,-0.26
UDS,210.03,210.57,-0.26
KNRCON,139.99,140.35,-0.26
VLEGOV,10.94,10.97,-0.27
SGBJ28VIII,14660.0,14698.99,-0.27
HEALTHAXIS,169.44,169.9,-0.27
LICNETFSEN,890.59,893.0,-0.27
RSSOFTWARE,29.52,29.6,-0.27
BANKBETF,58.8,58.96,-0.27
NEXT50ETF,74.97,75.17,-0.27
SMALLIETF,18.36,18.41,-0.27
OIL,442.8,444.0,-0.27
NIFTYBEES,279.83,280.59,-0.27
DATAPATTNS,4380.7,4392.6,-0.27
INVPRECQ,1133.4,1136.5,-0.27
SAFARI,1486.6,1490.8,-0.28
BFUTILITIE,558.6,560.15,-0.28
GLAND,2601.0,2608.3,-0.28
ORICONENT,54.12,54.27,-0.28
SHAKTIPUMP,516.3,517.75,-0.28
CEINSYS,842.15,844.5,-0.28
VHL,3568.7,3579.0,-0.29
RADIOCITY,6.85,6.87,-0.29
NIFTYIETF,278.25,279.06,-0.29
SETFNIF50,264.41,265.17,-0.29
PATELRMART,220.35,221.02,-0.3
SIEMENS,3940.1,3952.0,-0.3
EQUAL50ADD,351.78,352.85,-0.3
BSE500IETF,40.06,40.18,-0.3
BANKETF,589.55,591.34,-0.3
SAWALIYA,288.5,289.4,-0.31
EMUDHRA,538.85,540.5,-0.31
BSL,123.53,123.92,-0.31
QNIFTY,270.7,271.54,-0.31
AVADHSUGAR,601.05,602.9,-0.31
NIFTYETF,267.49,268.33,-0.31
SUNPHARMA,1945.0,1951.0,-0.31
HDFCSENSEX,88.98,89.26,-0.31
BSLNIFTY,28.96,29.05,-0.31
HDFCSML250,184.89,185.47,-0.31
NIITMTS,242.79,243.55,-0.31
750IRFC35,1211.18,1215.0,-0.31
MARUTI,14037.0,14080.0,-0.31
CMNL,96.95,97.25,-0.31
ESG,42.37,42.5,-0.31
SOLEX,911.7,914.5,-0.31
RAJOOENG,51.68,51.84,-0.31
DABUR,410.0,411.3,-0.32
YASHO,4152.7,4166.1,-0.32
LOWVOL,212.58,213.27,-0.32
SBILIFE,1855.5,1861.5,-0.32
BANARBEADS,113.86,114.23,-0.32
UCL,218.95,219.65,-0.32
MANGLMCEM,938.15,941.15,-0.32
ZENSARTECH,499.0,500.65,-0.33
APOLLOHOSP,8945.0,8974.5,-0.33
STOVEKRAFT,797.55,800.2,-0.33
TOP20,9.11,9.14,-0.33
ORTINGLOBE,15.15,15.2,-0.33
ATUL,6774.0,6796.5,-0.33
AMAGI,646.95,649.1,-0.33
ORIENTTECH,258.75,259.6,-0.33
MAHKTECH,23.83,23.91,-0.33
ANLON,598.05,600.0,-0.33
CPEDU,212.09,212.82,-0.34
MOCAPITAL,52.43,52.61,-0.34
BANKADD,59.19,59.39,-0.34
SEJALLTD,718.45,720.9,-0.34
RUCHINFRA,5.82,5.84,-0.34
LORDSCHLO,144.13,144.63,-0.35
TNPL,156.6,157.15,-0.35
GROWWPSE,99.69,100.04,-0.35
RAMCOCEM,933.8,937.1,-0.35
MANORG,457.9,459.5,-0.35
TRUST,28.4,28.5,-0.35
GMRP&UI,97.49,97.83,-0.35
RIIL,758.55,761.2,-0.35
AAVAS,1371.5,1376.3,-0.35
CRAMC,262.1,263.05,-0.36
NRVANDANA,68.25,68.5,-0.36
SKFINDUS,2737.9,2747.8,-0.36
VILAS,364.65,365.95,-0.36
MODISONLTD,278.95,279.95,-0.36
DNAMEDIA,2.75,2.76,-0.36
TOUCHWOOD,66.85,67.09,-0.36
UNIVCABLES,1411.2,1416.3,-0.36
INGERRAND,4322.4,4337.9,-0.36
GROWWNXT50,74.9,75.18,-0.37
SURYODAY,162.02,162.62,-0.37
DODLA,1041.6,1045.5,-0.37
PAGEIND,39900.0,40050.0,-0.37
NPST,1505.4,1511.0,-0.37
NIFTY1,271.82,272.83,-0.37
K2INFRA,53.75,53.95,-0.37
AMNPLST,194.7,195.43,-0.37
ASHWINI,189.0,189.7,-0.37
AHLWEST,540.0,542.0,-0.37
BDL,1294.0,1299.0,-0.38
SRF,2615.0,2624.9,-0.38
BANKNIFTY1,60.12,60.35,-0.38
AURIONPRO,727.25,730.0,-0.38
IDBI,84.22,84.54,-0.38
HCG,675.85,678.5,-0.39
MOMENTUM30,30.76,30.88,-0.39
SARLAPOLY,101.75,102.15,-0.39
GROWWNET,10.28,10.32,-0.39
KOHINOOR,23.05,23.14,-0.39
IIFLCAPS,334.15,335.45,-0.39
DMCC,277.65,278.75,-0.39
CHALET,859.7,863.1,-0.39
ELECTCAST,71.98,72.26,-0.39
METROGLOBL,134.49,135.02,-0.39
CONNPLEX,203.6,204.4,-0.39
GANDHITUBE,889.7,893.15,-0.39
AIAENG,4776.0,4795.4,-0.4
INTLCONV,74.84,75.14,-0.4
871REC28,1119.52,1124.0,-0.4
PFIZER,4880.6,4900.0,-0.4
ETERNAL,315.0,316.25,-0.4
TRACXN,29.97,30.09,-0.4
GROWWRLTY,9.93,9.97,-0.4
AAREYDRUGS,81.47,81.8,-0.4
QUICKHEAL,155.02,155.65,-0.4
79NHIT35,311.0,312.24,-0.4
TVSHLTD,14848.0,14908.0,-0.4
KHADIM,96.65,97.04,-0.4
ELGNZ,96.55,96.95,-0.41
SENSEXIETF,904.29,908.01,-0.41
PICCADIL,743.15,746.2,-0.41
UTIAMC,896.65,900.3,-0.41
KRISHANA,178.67,179.41,-0.41
ATGL,657.55,660.25,-0.41
SOLARWORLD,168.43,169.13,-0.41
885SCL26,1068.25,1072.8,-0.42
YUKEN,800.05,803.4,-0.42
SATKARTAR,119.15,119.65,-0.42
HEXATRADEX,163.32,164.01,-0.42
SENSEXETF,81.09,81.43,-0.42
TIPSFILMS,375.25,376.85,-0.42
1039UCL26,1021.7,1026.0,-0.42
MOTOGENFIN,25.81,25.92,-0.42
EMSLIMITED,404.4,406.1,-0.42
DENTA,333.85,335.25,-0.42
SONAMLTD,54.42,54.65,-0.42
12AFIL27,9962.93,10006.1,-0.43
SANOFICONR,4514.2,4533.8,-0.43
EQUIPPP,23.24,23.34,-0.43
SETFNIFBK,591.74,594.3,-0.43
10IIFL28A,1034.56,1039.0,-0.43
SFML,23.4,23.5,-0.43
182D151026,98.5,98.93,-0.43
FMNL,9.35,9.39,-0.43
PRIVISCL,3644.1,3660.0,-0.43
HEADSUP,6.99,7.02,-0.43
INTERNET,13.86,13.92,-0.43
STEELCITY,84.29,84.65,-0.43
PAISALO,68.68,68.98,-0.43
SML100CASE,11.25,11.3,-0.44
MOOILGAS,11.25,11.3,-0.44
FACT,839.4,843.1,-0.44
NACLIND,177.36,178.14,-0.44
TEAMGTY,222.81,223.8,-0.44
AKI,4.48,4.5,-0.44
HDFCBSE500,38.1,38.27,-0.44
BLUEDART,5089.5,5112.5,-0.45
EASEMYTRIP,6.58,6.61,-0.45
GHCL,436.05,438.0,-0.45
INSECTICID,647.7,650.65,-0.45
HDFCBANK,731.0,734.3,-0.45
CSM,102.12,102.58,-0.45
UNIHEALTH,774.0,777.5,-0.45
ATLANTAA,40.13,40.31,-0.45
SIYSIL,625.35,628.15,-0.45
VBL,442.0,444.0,-0.45
SCODATUBES,142.35,142.99,-0.45
CAPLIPOINT,2574.1,2585.8,-0.45
KAVDEFENCE,56.9,57.16,-0.45
HDFCLIFE,540.0,542.5,-0.46
AGIIL,302.95,304.35,-0.46
ATULAUTO,576.9,579.55,-0.46
BCPL,69.77,70.09,-0.46
GICRE,357.2,358.85,-0.46
MOTILALOFS,870.0,874.0,-0.46
NOIDATOLL,4.36,4.38,-0.46
MRPL,167.01,167.78,-0.46
AJAXENGG,565.4,568.05,-0.47
IDEAFORGE,911.65,916.0,-0.47
WALCHANNAG,230.74,231.82,-0.47
LPDC,6.39,6.42,-0.47
JSWHL,12025.0,12082.0,-0.47
PIONRINV,83.65,84.05,-0.48
74GS2062,101.25,101.74,-0.48
IWP,33.44,33.6,-0.48
KSB,784.25,788.05,-0.48
ETML,83.6,84.0,-0.48
SURAKSHA,249.55,250.75,-0.48
UNITEDPOLY,28.87,29.01,-0.48
BSLSENETFG,79.16,79.54,-0.48
CENTRALBK,31.36,31.51,-0.48
COUNCODOS,6.19,6.22,-0.48
699GS2051,97.45,97.92,-0.48
INDIAMART,1755.0,1763.5,-0.48
SATIN,231.78,232.89,-0.48
GODREJAGRO,542.85,545.55,-0.49
HINDPETRO,393.05,395.0,-0.49
RELAXO,423.45,425.55,-0.49
ORIENTBELL,314.0,315.55,-0.49
970CAGL28,1025.0,1030.0,-0.49
AKASH,26.32,26.45,-0.49
KELLTONTEC,14.12,14.19,-0.49
MANUGRAPH,16.14,16.22,-0.49
SAGCEM,173.01,173.87,-0.49
MASPTOP50,80.54,80.94,-0.49
BANG,30.01,30.16,-0.5
CREST,377.0,378.9,-0.5
ABINFRA,9.96,10.01,-0.5
SATIA,63.48,63.8,-0.5
SAHANA,812.05,816.15,-0.5
948SCL27A,995.0,1000.0,-0.5
925SCL2028,995.0,1000.0,-0.5
ABGSEC,114.31,114.89,-0.5
743GS2076,99.5,100.0,-0.5
ICELCO,146.45,147.2,-0.51
ARIHANT,1124.6,1130.4,-0.51
INSUREIETF,15.52,15.6,-0.51
750GS2056,100.1,100.61,-0.51
GATEWAY,56.5,56.79,-0.51
FINKURVE,58.9,59.2,-0.51
709GS2054,96.5,96.99,-0.51
TTML,39.37,39.57,-0.51
MANAKSIA,56.97,57.26,-0.51
HYUNDAI,2200.5,2212.0,-0.52
APLLTD,830.1,834.45,-0.52
J&KBANK,159.24,160.08,-0.52
KRN,1208.4,1214.7,-0.52
SUNTV,486.65,489.2,-0.52
ELANTAS,12312.0,12376.5,-0.52
BLIL,70.75,71.12,-0.52
SHRIRAMPPS,84.47,84.92,-0.53
735WB43,94.5,95.0,-0.53
SEMAC,307.4,309.05,-0.53
HUDCO,201.04,202.11,-0.53
AARTECH,47.0,47.25,-0.53
EMETAL,13.1,13.17,-0.53
INNOVANA,330.0,331.8,-0.54
VOEPL,505.95,508.7,-0.54
1065NFL27,1009.53,1015.0,-0.54
SHIVASHRIT,128.8,129.5,-0.54
PROFX,73.4,73.8,-0.54
DPSCLTD,7.39,7.43,-0.54
MONIFTY100,25.88,26.02,-0.54
DEVIT,26.91,27.06,-0.55
SOUTHBANK,47.17,47.43,-0.55
JKPAPER,387.05,389.2,-0.55
892NHPC33,1260.0,1267.0,-0.55
BHARATCOAL,34.07,34.26,-0.55
PDMJEPAPER,97.63,98.18,-0.56
RICOAUTO,151.53,152.38,-0.56
BANARISUG,3491.0,3510.5,-0.56
LINDEINDIA,7112.5,7152.5,-0.56
RBLBANK,389.8,392.0,-0.56
KPEL,302.5,304.2,-0.56
ANSALAPI,3.55,3.57,-0.56
MIDWESTLTD,1197.0,1203.7,-0.56
KHAITANLTD,156.24,157.13,-0.57
HGINFRA,549.15,552.3,-0.57
AMBUJACEM,434.0,436.5,-0.57
AERONEU,84.95,85.44,-0.57
RADHIKAJWE,69.44,69.84,-0.57
BANKBETA,59.74,60.08,-0.57
HEIDELBERG,156.27,157.17,-0.57
MHRIL,229.66,230.98,-0.57
WPIL,436.4,438.9,-0.57
GODREJPROP,2070.0,2081.9,-0.57
MOM100,68.02,68.41,-0.57
SHANTI,6.9,6.94,-0.58
GNA,527.2,530.25,-0.58
NIRAJ,29.32,29.49,-0.58
VETO,122.2,122.91,-0.58
KARURVYSYA,335.55,337.5,-0.58
ABREL,1382.8,1390.8,-0.58
DHANUKA,1020.6,1026.6,-0.58
MOGSEC,65.62,66.01,-0.59
EIDPARRY,805.1,809.85,-0.59
MICEL,37.08,37.3,-0.59
EBANK10,16.95,17.05,-0.59
IRFC,88.75,89.29,-0.6
FRONTSP,1401.2,1409.7,-0.6
GROWWNIFTY,9.92,9.98,-0.6
KHFM,49.4,49.7,-0.6
KCK,16.45,16.55,-0.6
SANGAMIND,611.8,615.5,-0.6
MEDIASSIST,364.95,367.15,-0.6
VIVIMEDLAB,5.01,5.04,-0.6
MAZDOCK,2514.9,2530.0,-0.6
CORDELIA,841.15,846.35,-0.61
PLATIND,224.75,226.14,-0.61
PNBHOUSING,1143.0,1150.0,-0.61
NAGREEKEXP,22.67,22.81,-0.61
AVANTEL,163.43,164.44,-0.61
MASTERTR,79.65,80.14,-0.61
MADHAVBAUG,188.85,190.0,-0.61
QUESTLAB,89.7,90.25,-0.61
SERVOTECH,84.62,85.15,-0.62
664GS2027,100.0,100.63,-0.63
ACEINTEG,18.88,19.0,-0.63
GROWWCAPM,10.97,11.04,-0.63
JSWSTEEL,1299.5,1307.9,-0.64
SYSTANGO,210.45,211.8,-0.64
ESENSEX,79.04,79.55,-0.64
INDIAGLYCO,1143.6,1151.0,-0.64
OAL,378.5,380.95,-0.64
SMALLCAP,47.94,48.25,-0.64
YASHOPTICS,115.5,116.25,-0.65
PVTBANK,27.66,27.84,-0.65
DIFFNKG,441.0,443.9,-0.65
GOLDTECH,53.81,54.16,-0.65
TORNTPHARM,4924.0,4956.0,-0.65
IRCON,131.25,132.11,-0.65
915SCL27,1053.9,1060.81,-0.65
ADFFOODS,259.7,261.4,-0.65
NDTV,76.87,77.38,-0.66
SHAHALLOYS,70.79,71.26,-0.66
STARHEALTH,569.85,573.65,-0.66
SNXT50BETA,95.55,96.18,-0.66
COROMANDEL,2069.3,2083.1,-0.66
FLUOROCHEM,4518.1,4548.0,-0.66
KATARIA,97.1,97.75,-0.66
925SCFL27,1040.2,1047.15,-0.66
SARDAEN,497.6,500.9,-0.66
PONNIERODE,320.75,322.9,-0.67
MON50EQUAL,34.21,34.44,-0.67
ARIHANTSUP,265.5,267.3,-0.67
915SCL26,1066.0,1073.2,-0.67
MAJESAUT,492.15,495.45,-0.67
HPL,342.1,344.4,-0.67
STARCEMENT,201.96,203.34,-0.68
12VCCL29A,98325.0,99000.0,-0.68
ORIENTHOT,127.89,128.77,-0.68
ECAPINSURE,23.51,23.67,-0.68
INDHOTEL,731.0,736.0,-0.68
GENESYS,227.45,229.0,-0.68
BLBLIMITED,15.95,16.06,-0.68
CRAFTSMAN,10483.0,10555.0,-0.68
VINYLINDIA,242.72,244.38,-0.68
ICICIB22,116.62,117.42,-0.68
KIOCL,391.75,394.45,-0.68
CHEMICAL,30.69,30.9,-0.68
KAJARIACER,1167.3,1175.4,-0.69
RVNL,233.38,235.0,-0.69
ISGEC,814.7,820.35,-0.69
BAGFILMS,4.32,4.35,-0.69
SJVN,67.96,68.43,-0.69
BAIDFIN,10.03,10.1,-0.69
MAFATIND,132.13,133.05,-0.69
PATELENG,28.59,28.79,-0.69
91D291026,102.9,103.63,-0.7
81TCHF28,1005.94,1012.99,-0.7
CCHHL,12.69,12.78,-0.7
BBL,2329.4,2345.8,-0.7
SUPREME,45.5,45.82,-0.7
SPIC,67.8,68.28,-0.7
GROWWCHEM,30.75,30.97,-0.71
GROWWMETAL,12.5,12.59,-0.71
875NHAI29,1112.0,1120.0,-0.71
TATACONSUM,1082.3,1090.0,-0.71
TATVA,1718.8,1731.1,-0.71
ROML,44.81,45.13,-0.71
NAGREEKCAP,22.46,22.62,-0.71
CONCORDBIO,1365.0,1374.7,-0.71
NTPC,342.5,345.0,-0.72
BFINVEST,469.55,472.95,-0.72
BAJAJHFL,85.79,86.41,-0.72
INDIGOPNTS,1120.5,1128.6,-0.72
BHEL,405.2,408.15,-0.72
GANGESSECU,118.0,118.85,-0.72
SENCO,388.8,391.6,-0.72
SURANAT&P,17.84,17.97,-0.72
VMM,108.72,109.52,-0.73
NGLFINE,3403.6,3428.5,-0.73
REGAAL,86.25,86.88,-0.73
HEALTHX,306.65,308.9,-0.73
ZODIAC,251.5,253.35,-0.73
ASIANPAINT,2735.0,2755.0,-0.73
DCW,46.35,46.69,-0.73
KAMATHOTEL,170.8,172.06,-0.73
ESTER,87.35,88.0,-0.74
GSFC,161.22,162.43,-0.74
CINEVISTA,14.7,14.81,-0.74
ENGINERSIN,240.6,242.39,-0.74
RAMBHAJO,185.21,186.6,-0.74
LIBERTSHOE,262.3,264.25,-0.74
NHPC,76.92,77.5,-0.75
SBINEQWETF,34.28,34.54,-0.75
APTECHT,96.27,97.0,-0.75
TBOTEK,1610.9,1623.1,-0.75
DICIND,519.25,523.25,-0.76
SADBHIN,2.61,2.63,-0.76
PIIND,2774.6,2796.0,-0.77
LICNMID100,63.45,63.94,-0.77
JKCEMENT,5379.5,5421.0,-0.77
ASAL,505.95,509.9,-0.77
UHTL,96.75,97.5,-0.77
DYCL,401.9,405.0,-0.77
KAUSHALYA,943.7,951.05,-0.77
DREAMFOLKS,70.11,70.66,-0.78
ZENTEC,1721.1,1734.6,-0.78
ENVIRO,76.0,76.6,-0.78
PPL,260.4,262.45,-0.78
891IIFCL34,1258.99,1269.0,-0.79
DMART,3900.0,3931.2,-0.79
AVIENCE,246.05,248.0,-0.79
RAILTEL,288.55,290.85,-0.79
HAWKINCOOK,8398.5,8465.0,-0.79
975ISF28,99900.0,100700.0,-0.79
BESTAGRO,20.08,20.24,-0.79
PSB,23.79,23.98,-0.79
GIPCL,157.93,159.21,-0.8
UTTAMSUGAR,252.77,254.82,-0.8
PREMIERPOL,71.66,72.24,-0.8
TARACHAND,49.49,49.89,-0.8
JWL,260.0,262.1,-0.8
NFL,71.91,72.5,-0.81
MOKSH,11.05,11.14,-0.81
TURTLEMINT,111.84,112.75,-0.81
KMSUGAR,28.14,28.37,-0.81
MIRZAINT,33.2,33.47,-0.81
VGUARD,319.65,322.25,-0.81
BASF,4091.0,4125.0,-0.82
APS,249.35,251.4,-0.82
CTE,37.66,37.97,-0.82
SUMMITSEC,1498.7,1511.1,-0.82
KOTAKBANK,390.75,394.0,-0.82
PRECAM,143.29,144.48,-0.82
UNIECOM,84.25,84.95,-0.82
GESHIP,1341.8,1352.9,-0.82
UNITDSPR,1512.4,1525.0,-0.83
KSCL,764.45,770.85,-0.83
DCAL,193.04,194.66,-0.83
DIVINEHIRA,107.9,108.8,-0.83
DBSTOCKBRO,32.39,32.66,-0.83
EPACKPEB,246.3,248.35,-0.83
726GS2032,106.2,107.09,-0.83
FLFL,1.19,1.2,-0.83
SUNTECK,299.15,301.65,-0.83
BPCL,321.0,323.7,-0.83
MEDICAMEQ,235.69,237.67,-0.83
SHERA,166.4,167.8,-0.83
BENGALASM,6178.5,6230.5,-0.83
RUDRA,17.76,17.91,-0.84
AHLUCONT,822.3,829.25,-0.84
TVTODAY,114.68,115.65,-0.84
PARKHOTELS,119.92,120.93,-0.84
DOLLAR,279.5,281.9,-0.85
ABLBL,93.86,94.66,-0.85
KOVAI,5843.5,5893.5,-0.85
PVTBANKADD,27.88,28.12,-0.85
SHYAMMETL,1006.9,1015.5,-0.85
824GS2027,104.21,105.1,-0.85
TTKHLTCARE,1084.8,1094.1,-0.85
RALLIS,213.03,214.86,-0.85
CEATLTD,3723.1,3755.4,-0.86
GOLDIAM,372.9,376.15,-0.86
RPEL,1256.5,1267.4,-0.86
KPRMILL,1076.7,1086.0,-0.86
IDFCFIRSTB,84.62,85.35,-0.86
RANASUG,12.53,12.64,-0.87
POSITRON,171.4,172.9,-0.87
GRAPHISAD,28.5,28.75,-0.87
METROBRAND,972.5,981.1,-0.88
BALMLAWRIE,175.19,176.74,-0.88
JPPOWER,17.94,18.1,-0.88
RCF,126.92,128.05,-0.88
SHK,168.54,170.06,-0.89
OLAELEC,41.07,41.44,-0.89
AGARWALTUF,149.75,151.1,-0.89
BAYERCROP,4177.2,4214.9,-0.89
PCBL,321.9,324.8,-0.89
OMPOWER,171.03,172.57,-0.89
KODYTECH,1359.3,1371.45,-0.89
DIVISLAB,8275.0,8349.0,-0.89
VEDPOWER,35.46,35.78,-0.89
CIPLA,1463.8,1477.0,-0.89
SHREECEM,26010.0,26245.0,-0.9
UCOBANK,26.4,26.64,-0.9
SAMHI,174.65,176.24,-0.9
GENUSPOWER,306.65,309.45,-0.9
GOKUL,39.68,40.04,-0.9
LUPIN,2363.5,2385.0,-0.9
OLIL,413.2,417.0,-0.91
PHOENIXLTD,1895.5,1913.0,-0.91
KANORICHEM,149.69,151.07,-0.91
POLYMED,1693.8,1709.3,-0.91
SAFEENTP,249.5,251.8,-0.91
ITDC,701.75,708.2,-0.91
1060ECL29,1070.15,1079.96,-0.91
VICTORYEV,16.4,16.55,-0.91
GANESHIN,118.8,119.9,-0.92
BIRLAMONEY,132.3,133.53,-0.92
AARTIPHARM,685.85,692.25,-0.92
TOLINS,102.14,103.09,-0.92
SKMEGGPROD,235.0,237.19,-0.92
TATASTEEL,187.55,189.3,-0.92
JAYBEE,85.95,86.75,-0.92
SWANCORP,308.05,310.9,-0.92
MAGADSUGAR,512.85,517.6,-0.92
GOYALALUM,6.43,6.49,-0.92
APCOTEXIND,614.8,620.6,-0.93
PVTBANIETF,27.77,28.03,-0.93
SUNDARMFIN,4604.2,4647.4,-0.93
93MOFSL34,1060.0,1070.0,-0.93
AKSHARCHEM,278.23,280.84,-0.93
SAATVIKGL,423.65,427.65,-0.94
DSSL,1227.7,1239.4,-0.94
TIMETECHNO,204.88,206.82,-0.94
948SCL27D,1050.0,1060.0,-0.94
NUVAMA,1642.7,1658.3,-0.94
ABSL10BANK,170.35,171.96,-0.94
ICEMAKE,820.2,828.1,-0.95
ISFT,77.9,78.65,-0.95
ABDL,599.25,605.0,-0.95
SWSOLAR,204.93,206.92,-0.96
JTEKTINDIA,139.8,141.16,-0.96
STYRENIX,2257.2,2279.0,-0.96
932AEL27,1030.0,1040.0,-0.96
RAMAPHO,123.3,124.5,-0.96
NBCC,95.33,96.25,-0.96
MAGNUM,19.32,19.51,-0.97
ROUTE,528.3,533.5,-0.97
CHEMBOND,177.06,178.8,-0.97
LICNFNHGP,279.06,281.79,-0.97
CAMLINFINE,126.58,127.83,-0.98
FINCABLES,1024.65,1034.75,-0.98
ATLPP,9.05,9.14,-0.98
MANBA,131.77,133.08,-0.98
KAYA,271.0,273.7,-0.99
NSIL,5655.0,5711.5,-0.99
NAVKARURB,1.0,1.01,-0.99
1225IFL28,7500.0,7575.0,-0.99
JITFINFRA,333.45,336.8,-0.99
SAIFL,5.0,5.05,-0.99
779AP42,99.0,100.0,-1.0
781RJ49,99.0,100.0,-1.0
LINCOLN,600.15,606.2,-1.0
GUJALKALI,674.0,680.8,-1.0
MADRASFERT,66.41,67.08,-1.0
INNOVACAP,944.5,954.05,-1.0
IREDA,119.8,121.02,-1.01
MAXIND,171.08,172.82,-1.01
SUPREMEIND,3442.0,3477.0,-1.01
MON100,328.99,332.36,-1.01
NIACL,177.11,178.93,-1.02
RAJSREESUG,30.19,30.5,-1.02
RUSTOMJEE,380.0,383.9,-1.02
FORCEMOT,18500.0,18690.0,-1.02
JSLL,598.1,604.25,-1.02
RPGLIFE,2661.3,2688.9,-1.03
HCL-INSYS,11.48,11.6,-1.03
OMAXE,86.45,87.35,-1.03
OLECTRA,1385.0,1399.4,-1.03
RTNPOWER,8.68,8.77,-1.03
PINELABS,154.44,156.04,-1.03
724KL41,95.0,96.0,-1.04
ASIANHOTNR,312.7,316.0,-1.04
BATAINDIA,720.5,728.1,-1.04
SHARDACROP,814.05,822.6,-1.04
BANKA,86.31,87.22,-1.04
POLYCAB,9218.0,9315.0,-1.04
KSOLVES,280.05,283.0,-1.04
SAAKSHI,289.0,292.05,-1.04
ORIENTCEM,136.73,138.17,-1.04
EMAMIPAP,110.89,112.06,-1.04
PRAMARA,119.35,120.6,-1.04
APOLLOTYRE,445.0,449.7,-1.05
SDBL,73.33,74.11,-1.05
INDOAMIN,130.72,132.11,-1.05
KIRLPNU,1439.9,1455.2,-1.05
ACCURACY,4.72,4.77,-1.05
PREMIER,2.84,2.87,-1.05
REPRO,371.15,375.1,-1.05
RAINBOW,1556.7,1573.2,-1.05
QMSMEDI,113.3,114.51,-1.06
HINDOILEXP,155.74,157.41,-1.06
DPABHUSHAN,1443.4,1458.8,-1.06
SHIVAMAUTO,17.66,17.85,-1.06
UBL,1400.3,1415.3,-1.06
ZUARIIND,259.35,262.15,-1.07
GARUDA,180.5,182.45,-1.07
FABTECH,148.63,150.25,-1.08
ASPINWALL,239.41,242.03,-1.08
ABCOTS,198.71,200.87,-1.08
HONAUT,37900.0,38315.0,-1.08
CASTROLIND,192.08,194.17,-1.08
PARIN,698.4,706.0,-1.08
GCSL,523.95,529.65,-1.08
BONLON,42.2,42.66,-1.08
BAJAJHLDNG,11263.0,11387.0,-1.09
JKLAKSHMI,565.0,571.25,-1.09
SUPRAJIT,521.8,527.55,-1.09
EIEL,213.16,215.5,-1.09
SBFC,94.25,95.29,-1.09
GANECOS,1064.3,1076.0,-1.09
HSCL,752.65,761.0,-1.1
INDOWIND,8.98,9.08,-1.1
MITTAL,0.9,0.91,-1.1
MAHAPEXLTD,44.38,44.88,-1.11
SHARDUL,40.99,41.45,-1.11
GREENPOWER,9.82,9.93,-1.11
HITECHGEAR,560.45,566.75,-1.11
UGROCAP,95.08,96.16,-1.12
BLAL,171.41,173.37,-1.13
ACC,1362.8,1378.4,-1.13
PSPPROJECT,962.95,973.95,-1.13
OMFREIGHT,88.28,89.29,-1.13
GULPOLY,204.87,207.21,-1.13
SALZERELEC,608.95,616.0,-1.14
EQUITASBNK,75.22,76.09,-1.14
NIVABUPA,86.19,87.18,-1.14
TITAN,4941.0,4998.0,-1.14
RAJESHEXPO,83.58,84.54,-1.14
ADVANIHOTR,50.19,50.77,-1.14
AUTOAXLES,1827.8,1848.9,-1.14
LAXMIDENTL,216.08,218.58,-1.14
HILINFRA,45.01,45.53,-1.14
PML,500.45,506.25,-1.15
ICICIGI,1639.0,1658.0,-1.15
TCI,916.35,927.0,-1.15
SINGERIND,67.93,68.72,-1.15
STRIDERS,64.1,64.85,-1.16
VSTL,107.01,108.27,-1.16
MUNJALAU,102.46,103.66,-1.16
RESPONIND,169.44,171.43,-1.16
VRLLOG,281.35,284.65,-1.16
HDFCPVTBAN,27.92,28.25,-1.17
PRABHA,154.61,156.44,-1.17
CHEVIOT,1165.6,1179.4,-1.17
CYBERMEDIA,16.01,16.2,-1.17
ICICIPRULI,501.05,507.0,-1.17
NETWORK18,29.56,29.91,-1.17
PVSL,108.11,109.39,-1.17
MOSCHIP,206.77,209.21,-1.17
AEGISVOPAK,285.3,288.7,-1.18
KOTIC,152.9,154.73,-1.18
NIFTYAXIS,268.89,272.13,-1.19
BLUECHIP,1.66,1.68,-1.19
RAMRAT,461.6,467.15,-1.19
DCBBANK,192.62,194.93,-1.19
NAUKRI,1225.3,1240.0,-1.19
SENSEXAXIS,80.84,81.82,-1.2
SURAJEST,201.61,204.06,-1.2
BLUESTONE,814.5,824.4,-1.2
RISHABH,639.2,647.05,-1.21
MARKOLINES,178.46,180.65,-1.21
SIKA,1100.2,1113.7,-1.21
WTICAB,114.7,116.1,-1.21
NOCIL,168.65,170.71,-1.21
NEAGI,3111.9,3150.0,-1.21
MMP,326.25,330.25,-1.21
CHOLAHLDNG,1628.0,1648.0,-1.21
UNIDT,234.98,237.86,-1.21
SWARAJ,356.1,360.5,-1.22
PREMCO,380.3,385.0,-1.22
NEWJAISA,16.2,16.4,-1.22
BFSI,27.61,27.95,-1.22
POCL,481.7,487.65,-1.22
697GR2034,101.25,102.5,-1.22
PRINCEPIPE,271.0,274.35,-1.22
PARAGMILK,223.22,225.99,-1.23
PRECWIRE,413.8,418.95,-1.23
ELECTHERM,995.3,1007.7,-1.23
AEROPLANE,194.37,196.8,-1.23
HBLENGINE,727.1,736.15,-1.23
KPIGREEN,370.7,375.35,-1.24
IFCI,73.98,74.91,-1.24
SICALLOG,102.56,103.85,-1.24
NITIRAJ,208.68,211.29,-1.24
NPBET,283.78,287.35,-1.24
BHARATRAS,1358.2,1375.3,-1.24
GVKPIL,2.37,2.4,-1.25
IRB,19.68,19.93,-1.25
VAISHALI,7.88,7.98,-1.25
ALPHAGEO,230.64,233.57,-1.25
CPL,71.3,72.2,-1.25
GULFOILLUB,1189.5,1204.5,-1.25
WHEELS,1386.8,1404.3,-1.25
UTKARSHBNK,14.19,14.37,-1.25
ASHOKA,118.33,119.83,-1.25
SOBHA,1339.0,1355.9,-1.25
SCI,304.75,308.6,-1.25
HITECH,83.92,84.99,-1.26
AAATECH,91.95,93.12,-1.26
SHIVATEX,162.62,164.69,-1.26
IGIL,355.8,360.35,-1.26
NAVKARCORP,99.62,100.9,-1.27
VSTTILLERS,4487.4,4545.1,-1.27
GENXAI,77.55,78.55,-1.27
SRD,36.64,37.11,-1.27
AJOONI,3.86,3.91,-1.28
BHARATGEAR,106.25,107.63,-1.28
SHALBY,160.09,162.16,-1.28
NIKITA,73.05,74.0,-1.28
PASHUPATI,83.97,85.07,-1.29
GROWWMC150,229.9,232.9,-1.29
TRU,4.55,4.61,-1.3
BLACKROSE,112.93,114.42,-1.3
OPTIVALUE,155.5,157.55,-1.3
INDOMIM,867.35,878.75,-1.3
RKSWAMY,103.33,104.7,-1.31
RAMANEWS,33.08,33.52,-1.31
FOCUS,67.08,67.97,-1.31
CHENNPETRO,1275.4,1292.3,-1.31
BERGEPAINT,530.55,537.6,-1.31
SMCGLOBAL,79.54,80.6,-1.32
TIRUMALCHM,167.76,170.0,-1.32
ARCIIL,37.5,38.0,-1.32
BAJEL,191.78,194.34,-1.32
SHREEDHAR,104.5,105.9,-1.32
ORIANA,1448.8,1468.15,-1.32
BANK10BETF,21.01,21.29,-1.32
CHEMCON,190.05,192.62,-1.33
920ISF28B,9866.53,10000.0,-1.33
CONCOR,505.2,512.0,-1.33
QUESS,311.05,315.25,-1.33
ANTGRAPHIC,0.74,0.75,-1.33
ARSSBL,504.0,510.8,-1.33
SCPL,639.9,648.6,-1.34
GREAVESCOT,198.85,201.55,-1.34
IEX,127.1,128.83,-1.34
GILT10BETA,26.47,26.83,-1.34
CONSOFINVT,296.25,300.3,-1.35
JBMA,648.65,657.55,-1.35
PANACEABIO,413.0,418.65,-1.35
NAHARPOLY,237.0,240.25,-1.35
FINIETF,33.26,33.72,-1.36
TENNIND,562.8,570.55,-1.36
DEEPAKFERT,1537.8,1559.0,-1.36
ANDHRAPAP,59.85,60.68,-1.37
HDBFS,665.65,674.9,-1.37
VINCOFE,148.24,150.3,-1.37
IDFNIFTYET,272.01,275.78,-1.37
MANUFGBEES,164.52,166.8,-1.37
MANALIPETC,64.64,65.54,-1.37
VIJAYA,1351.1,1369.8,-1.37
GNFC,535.5,542.95,-1.37
VISHNU,586.6,594.8,-1.38
20MICRONS,189.07,191.71,-1.38
EFCIL,186.0,188.61,-1.38
ZEELEARN,7.88,7.99,-1.38
ALPEXSOLAR,803.95,815.2,-1.38
TIPSMUSIC,645.35,654.4,-1.38
DBL,448.95,455.25,-1.38
AARVI,153.71,155.87,-1.39
FIDEL,138.55,140.5,-1.39
HMT,60.31,61.16,-1.39
ARIES,339.25,344.05,-1.4
SINTERCOM,83.74,84.93,-1.4
GNRL,93.92,95.25,-1.4
VENUSREM,1540.7,1562.7,-1.41
BASILIC,191.9,194.65,-1.41
MFSL,1497.4,1518.8,-1.41
LINC,99.86,101.3,-1.42
LAGNAM,83.34,84.54,-1.42
TMCV,453.1,459.65,-1.42
SAMBHV,116.89,118.59,-1.43
AXISBANK,1238.0,1256.0,-1.43
CELLECOR,31.0,31.45,-1.43
MBAPL,158.09,160.39,-1.43
BYKE,33.62,34.11,-1.44
IL&FSTRANS,2.06,2.09,-1.44
IKS,1737.7,1763.1,-1.44
SARVESHWAR,3.39,3.44,-1.45
TEAMTECH,115.8,117.5,-1.45
BORANA,339.6,344.6,-1.45
KISSHT,299.95,304.35,-1.45
BORORENEW,548.65,556.8,-1.46
ALKYLAMINE,1893.9,1921.9,-1.46
SAGARDEEP,24.86,25.23,-1.47
PVTBKGROWW,27.49,27.9,-1.47
AYMSYNTEX,247.95,251.65,-1.47
1025SCL34,1005.0,1020.0,-1.47
XPROINDIA,1098.8,1115.2,-1.47
PFOCUS,287.6,291.9,-1.47
NMDC,84.92,86.2,-1.48
NORTHARC,276.25,280.4,-1.48
GOODYEAR,802.9,814.95,-1.48
GLOBE,2.0,2.03,-1.48
743REC35,1182.25,1200.0,-1.48
XCHANGING,67.24,68.26,-1.49
CAMS,787.5,799.45,-1.49
ETHOSLTD,2782.1,2824.5,-1.5
SUPREMEINF,91.36,92.75,-1.5
GANGABATH,22.9,23.25,-1.51
UNIVPHOTO,471.7,478.95,-1.51
360ONE,1168.1,1186.0,-1.51
CREDITACC,1523.6,1547.0,-1.51
SATECH,32.4,32.9,-1.52
MOIL,278.15,282.45,-1.52
BOROLTD,244.21,247.99,-1.52
INDORAMA,59.45,60.37,-1.52
KPL,2611.8,2652.1,-1.52
RRIL,17.45,17.72,-1.52
PIONEEREMB,23.93,24.3,-1.52
115VCCL31A,9650.0,9800.0,-1.53
TRITURBINE,636.45,646.35,-1.53
KEYFINSERV,248.6,252.45,-1.53
HINDCON,22.5,22.85,-1.53
SHANTIGEAR,401.95,408.2,-1.53
KUSUMGAR,640.55,650.5,-1.53
AVONMORE,10.93,11.1,-1.53
UNICHEMLAB,489.75,497.4,-1.54
PIDILITIND,1660.0,1686.0,-1.54
PRSMJOHNSN,111.56,113.32,-1.55
ASIANTILES,55.11,55.98,-1.55
HEXAGON,64.15,65.16,-1.55
GVT&D,4299.0,4366.7,-1.55
IOB,34.26,34.8,-1.55
TPLPLASTEH,77.51,78.73,-1.55
MEDICO,46.98,47.72,-1.55
IGL,151.94,154.33,-1.55
SIGNATURE,802.3,815.0,-1.56
IRIS,257.45,261.54,-1.56
ASHIANA,375.85,381.8,-1.56
GRANDOAK,41.1,41.75,-1.56
RHFL,1.88,1.91,-1.57
DAMCAPITAL,152.02,154.44,-1.57
GAIL,173.63,176.4,-1.57
LEMONTREE,111.01,112.79,-1.58
DANISH,812.85,825.9,-1.58
885IHL26,1043.2,1060.0,-1.58
SHEKHAWATI,13.7,13.92,-1.58
WCIL,88.46,89.88,-1.58
SRM,520.7,529.05,-1.58
CMSINFO,273.15,277.55,-1.59
GENUSPAPER,12.36,12.56,-1.59
PNBGILTS,80.7,82.0,-1.59
SRGHFL,287.1,291.75,-1.59
UGARSUGAR,45.0,45.73,-1.6
INCREDIBLE,32.51,33.04,-1.6
ICRA,5092.4,5175.4,-1.6
VHLTD,125.0,127.03,-1.6
LEMERITE,23.41,23.79,-1.6
CCCL,15.35,15.6,-1.6
GALLANTT,605.5,615.35,-1.6
VGL,61.28,62.28,-1.61
STYLAMIND,3536.5,3594.3,-1.61
AFCONS,274.25,278.75,-1.61
RBS,91.5,93.0,-1.61
CELLO,373.15,379.25,-1.61
PRITIKAUTO,18.22,18.52,-1.62
JUNIPER,194.85,198.05,-1.62
HEG,674.0,685.1,-1.62
SALSTEEL,61.75,62.77,-1.62
MUFTI,86.02,87.44,-1.62
SOMANYCERA,495.8,504.0,-1.63
GUJTHEM,355.95,361.9,-1.64
TARSONS,312.3,317.5,-1.64
VADILALIND,7207.5,7327.5,-1.64
COMFINTE,6.61,6.72,-1.64
SKIPPER,517.85,526.5,-1.64
ADVENZYMES,324.35,329.8,-1.65
AADHARHFC,506.4,514.9,-1.65
SESHAPAPER,229.21,233.05,-1.65
HESTERBIO,2417.9,2458.5,-1.65
RUPA,164.85,167.62,-1.65
TITAGARH,847.45,861.65,-1.65
GOODLUCK,1508.8,1534.1,-1.65
SAKHTISUG,17.21,17.5,-1.66
ECOSMOBLTY,129.46,131.64,-1.66
HALDYNGL,130.58,132.79,-1.66
ORIENTLTD,77.2,78.5,-1.66
SOLARA,502.6,511.1,-1.66
WABAG,1957.7,1990.7,-1.66
ASAHIINDIA,898.7,913.95,-1.67
JAINAM,235.0,239.0,-1.67
INFOMEDIA,5.31,5.4,-1.67
INDOSTAR,229.5,233.4,-1.67
SAREGAMA,519.2,528.0,-1.67
INA,110.56,112.44,-1.67
RELTD,167.29,170.14,-1.68
VIDHIING,316.65,322.05,-1.68
JAYAGROGN,220.7,224.47,-1.68
GRAPHITE,709.95,722.05,-1.68
TEJASNET,513.45,522.3,-1.69
AIROLAM,89.27,90.8,-1.69
JISLJALEQS,30.91,31.44,-1.69
870IIFL28,1012.5,1029.91,-1.69
BLUECOAST,25.06,25.49,-1.69
ITI,282.4,287.25,-1.69
ORIENTPPR,18.51,18.83,-1.7
SUDEEPPHRM,957.55,974.15,-1.7
MENNPIS,74.07,75.35,-1.7
GPIL,240.61,244.76,-1.7
JOCIL,147.0,149.55,-1.71
VARDHACRLC,44.73,45.51,-1.71
NILKAMAL,1746.3,1776.7,-1.71
LAKSHYA,88.45,90.0,-1.72
CORDSCABLE,218.63,222.46,-1.72
KKCL,513.5,522.5,-1.72
ANGELONE,292.0,297.1,-1.72
PENIND,159.86,162.66,-1.72
ARIHANTCAP,75.47,76.79,-1.72
MWL,42.3,43.04,-1.72
MAL,31.25,31.8,-1.73
SBGLP,24.93,25.37,-1.73
SPENCERS,32.44,33.01,-1.73
ENERGYDEV,16.5,16.79,-1.73
SPARC,213.21,216.98,-1.74
DYNAMIC,135.55,137.95,-1.74
ACE,1094.3,1113.7,-1.74
STUDDS,438.75,446.55,-1.75
KSHITIJPOL,2.81,2.86,-1.75
EXXARO,6.16,6.27,-1.75
ABB,7600.0,7735.0,-1.75
VEEKAYEM,120.0,122.15,-1.76
STCINDIA,118.64,120.77,-1.76
RAJPALAYAM,818.95,833.6,-1.76
RAPPID,324.15,329.95,-1.76
SUDARCOLOR,421.05,428.6,-1.76
NBIFIN,2120.1,2158.1,-1.76
BAJAJINDEF,232.57,236.77,-1.77
MONQ50,144.28,146.88,-1.77
CLEDUCATE,58.7,59.77,-1.79
HGM,48.22,49.1,-1.79
AVL,618.45,629.7,-1.79
PYRAMID,175.35,178.55,-1.79
BARFLEX,55.0,56.0,-1.79
MUTHOOTCAP,259.21,263.94,-1.79
PARSVNATH,1.65,1.68,-1.79
SWASTIK,19.25,19.6,-1.79
VMART,799.35,813.9,-1.79
JMFINANCIL,127.46,129.78,-1.79
GOCOLORS,322.05,327.95,-1.8
HINDCOPPER,536.1,545.95,-1.8
GENSOL,17.39,17.71,-1.81
DVL,268.06,273.01,-1.81
FIVESTAR,543.25,553.25,-1.81
STEELCAS,331.6,337.75,-1.82
ACMESOLAR,368.6,375.45,-1.82
SAMBHAAV,6.47,6.59,-1.82
COOLCAPS,21.5,21.9,-1.83
VINATIORGA,1324.9,1349.6,-1.83
AVG,198.72,202.42,-1.83
EMKAY,238.86,243.34,-1.84
RAYMONDLSL,731.8,745.55,-1.84
AGARIND,514.55,524.2,-1.84
ONYX,45.4,46.25,-1.84
RADIOWALLA,26.55,27.05,-1.85
SUPERSPIN,6.36,6.48,-1.85
ABANSENT,25.99,26.48,-1.85
IIFL060326,1005.96,1025.0,-1.86
GPTINFRA,115.79,117.99,-1.86
EPL,224.72,228.98,-1.86
DCXINDIA,178.44,181.84,-1.87
SEYAIND,12.53,12.77,-1.88
HDIL,1.57,1.6,-1.88
APOLLOPIPE,517.35,527.25,-1.88
VIVIDHA,0.52,0.53,-1.89
VISL,35.21,35.89,-1.89
THOMASCOOK,104.13,106.14,-1.89
AUBANK,1067.0,1087.6,-1.89
930APMD32,104000.0,106000.0,-1.89
ORCHASP,1.56,1.59,-1.89
EVERESTIND,468.05,477.05,-1.89
WEIZMANIND,78.46,79.97,-1.89
INDPRUD,6350.0,6472.5,-1.89
ATCENERGY,25.9,26.4,-1.89
NIPPOBATRY,327.1,333.45,-1.9
GRPLTD,2003.5,2042.2,-1.9
GANESHCP,161.8,164.94,-1.9
CROWN,111.81,113.98,-1.9
9IHFL27,1030.0,1050.03,-1.91
CSSL,102.0,104.0,-1.92
INDTERRAIN,31.7,32.32,-1.92
RUSHIL,17.82,18.17,-1.93
FEDFINA,149.59,152.53,-1.93
REFEX,292.9,298.65,-1.93
KRONOX,163.55,166.78,-1.94
FLYSBS,435.35,443.95,-1.94
GEOJITFSL,77.02,78.54,-1.94
STERTOOLS,244.15,249.0,-1.95
PENINLAND,16.12,16.44,-1.95
DIVYADHAN,52.65,53.7,-1.96
ONMOBILE,69.7,71.09,-1.96
ATL,25.07,25.57,-1.96
CORALFINAC,32.82,33.48,-1.97
MVELECTRO,611.7,624.0,-1.97
PANSARI,322.75,329.25,-1.97
RADAAN,2.98,3.04,-1.97
NORBTEAEXP,64.23,65.52,-1.97
C2C,261.15,266.4,-1.97
GOYALSALT,112.0,114.25,-1.97
CHAMBLFERT,450.7,459.75,-1.97
STEL,552.95,564.1,-1.98
KIRIINDUS,427.9,436.55,-1.98
VINDHYATEL,2241.7,2286.9,-1.98
LAOPALA,189.96,193.79,-1.98
JUBLCPL,1852.8,1890.3,-1.98
PRITI,36.36,37.1,-1.99
NATHBIOGEN,157.68,160.88,-1.99
SANGINITA,59.1,60.3,-1.99
DSFCL,25.09,25.6,-1.99
EUREKAFORB,450.55,459.75,-2.0
KESORAMIND,12.74,13.0,-2.0
NUVOCO,345.8,352.85,-2.0
NAM-INDIA,1176.0,1200.0,-2.0
AMANTA,166.15,169.54,-2.0
LYKALABS,66.74,68.1,-2.0
ADVANCE,127.18,129.78,-2.0
GAUDIUMIVF,130.95,133.62,-2.0
FAIRCHEMOR,749.95,765.25,-2.0
OSELDEVICE,400.1,408.25,-2.0
BCONCEPTS,173.82,177.36,-2.0
IGPL,492.9,503.0,-2.01
SHIVALIK,254.5,259.72,-2.01
ARCHIES,14.06,14.35,-2.02
AXISCADES,1598.5,1631.4,-2.02
JINDALPOLY,620.0,632.75,-2.02
RAYMOND,614.95,627.6,-2.02
MOBIKWIK,200.3,204.43,-2.02
THEMISMED,110.5,112.78,-2.02
MALLCOM,994.45,1015.1,-2.03
ABSMARINE,219.05,223.6,-2.03
TECILCHEM,9.19,9.38,-2.03
AARADHYA,72.0,73.5,-2.04
AUTOIND,93.83,95.79,-2.05
IGCL,73.19,74.72,-2.05
JSFB,549.4,560.95,-2.06
AEGISLOG,1371.0,1400.0,-2.07
LOVABLE,72.55,74.08,-2.07
WHIRLPOOL,813.15,830.45,-2.08
NAVA,581.85,594.2,-2.08
SMLMAH,5554.0,5672.5,-2.09
GABRIEL,1499.8,1531.8,-2.09
STEELXIND,11.21,11.45,-2.1
NILAINFRA,7.47,7.63,-2.1
VENTIVE,599.9,612.8,-2.11
DIGJAMLMTD,47.81,48.84,-2.11
DREDGECORP,1071.3,1094.4,-2.11
JSWDULUX,3011.7,3077.0,-2.12
SAVY,129.3,132.1,-2.12
TECHD,593.7,606.6,-2.13
610GS2031,103.25,105.5,-2.13
SELMC,27.38,27.98,-2.14
SHYAMCENT,5.03,5.14,-2.14
ALKALI,67.23,68.7,-2.14
PARTH,506.15,517.25,-2.15
GRINFRA,870.7,889.95,-2.16
NSLNISP,43.84,44.81,-2.16
CSBBANK,316.95,323.95,-2.16
ACI,506.65,517.85,-2.16
ADSL,114.39,116.92,-2.16
EDELWEISS,118.54,121.16,-2.16
SGFIN,694.45,709.85,-2.17
INVENTURE,0.9,0.92,-2.17
LANDMARK,535.05,546.9,-2.17
MERCURYEV,34.95,35.73,-2.18
ASAHISONG,365.5,373.7,-2.19
SUNCLAY,1241.6,1269.4,-2.19
XTGLOBAL,31.66,32.37,-2.19
VIJAYPD,62.5,63.9,-2.19
POONAWALLA,480.05,490.85,-2.2
ALEMBICLTD,84.75,86.66,-2.2
JAINREC,308.4,315.35,-2.2
REPCOHOME,382.7,391.3,-2.2
SIGMA,46.37,47.42,-2.21
VAML,470.05,480.65,-2.21
JUBLINGREA,740.25,757.0,-2.21
STUDIOLSD,8.8,9.0,-2.22
LXCHEM,175.64,179.67,-2.24
BLSE,310.55,317.65,-2.24
BHARATWIRE,201.17,205.78,-2.24
TRANSTEEL,113.0,115.6,-2.25
GFLLIMITED,50.77,51.94,-2.25
MINDTECK,192.05,196.51,-2.27
SHRIRAMFIN,1115.0,1141.0,-2.28
ROSSARI,513.95,525.95,-2.28
JYOTISTRUC,11.44,11.71,-2.31
REXPRO,38.1,39.0,-2.31
SAPPL,288.0,294.8,-2.31
MSTCLTD,591.25,605.2,-2.31
DIAMINESQ,260.79,266.95,-2.31
ZSARACOM,11655.0,11932.0,-2.32
APRAMEYA,142.6,146.0,-2.33
GMDCLTD,582.8,596.75,-2.34
BIOCON,426.35,436.6,-2.35
BRIGHOTEL,60.28,61.74,-2.36
TAJGVK,360.45,369.15,-2.36
TRIGYN,53.5,54.8,-2.37
SETUINFRA,0.41,0.42,-2.38
ALUWIND,49.2,50.4,-2.38
TPHQ,0.41,0.42,-2.38
JIOFIN,256.8,263.1,-2.39
BMWVENTLTD,59.3,60.75,-2.39
DHRUV,24.13,24.72,-2.39
DCMNVL,156.92,160.78,-2.4
INDOBORAX,400.4,410.25,-2.4
SMARTLINK,215.19,220.48,-2.4
STANLEY,149.91,153.62,-2.42
SAMMAANCAP,163.17,167.22,-2.42
957ICCL25,1042.0,1068.0,-2.43
MBLINFRA,24.52,25.13,-2.43
PATINTLOG,14.43,14.79,-2.43
ABMKNO,186.21,190.87,-2.44
SIGACHI,25.17,25.8,-2.44
SPMLINFRA,189.94,194.7,-2.44
TARAPUR,13.21,13.54,-2.44
AWHCL,415.75,426.2,-2.45
CARYSIL,1183.9,1213.9,-2.47
GLOBALE,10.53,10.8,-2.5
EMAMIREAL,74.73,76.65,-2.5
PAR,98.4,100.92,-2.5
PURPLEUTED,333.0,341.55,-2.5
ICICIBANK,1421.0,1457.5,-2.5
CLEANMAX,1323.8,1357.8,-2.5
IMFA,1472.2,1510.1,-2.51
KCPSUGIND,29.96,30.73,-2.51
EMMBI,83.82,85.98,-2.51
MASFIN,302.15,309.95,-2.52
1025UCL27A,975.2,1000.45,-2.52
RULKA,110.0,112.85,-2.53
GODREJCP,1050.0,1077.3,-2.53
IFBIND,1404.4,1440.9,-2.53
NELCO,958.9,983.8,-2.53
PKTEA,691.8,709.75,-2.53
REGENCERAM,32.65,33.5,-2.54
KLBRENG-B,388.9,399.05,-2.54
CMRGREEN,225.6,231.47,-2.54
AFFLE,1645.6,1688.7,-2.55
HUBTOWN,175.11,179.7,-2.55
SSFL,236.0,242.2,-2.56
EMKAYTOOLS,89.0,91.35,-2.57
LCCINFOTEC,3.78,3.88,-2.58
SCANSTL,62.39,64.04,-2.58
OMINFRAL,87.35,89.67,-2.59
MONEYBOXX,61.05,62.68,-2.6
NAHARCAP,266.64,273.78,-2.61
SONAL,87.6,89.95,-2.61
EIHAHOTELS,302.55,310.7,-2.62
ONELIFECAP,32.89,33.78,-2.63
NITCO,99.28,101.96,-2.63
E2ERAIL,267.75,275.0,-2.64
ROTO,67.47,69.31,-2.65
INVICTA,76.9,79.0,-2.66
PACEDIGITK,181.95,186.92,-2.66
GPECO,402.35,413.4,-2.67
UTLSOLAR,389.95,400.65,-2.67
SUPREMEPWR,205.1,210.75,-2.68
XELPMOC,81.6,83.86,-2.69
ALPA,68.09,69.97,-2.69
UJJIVANSFB,70.11,72.05,-2.69
HBSL,56.54,58.11,-2.7
RSWM,207.63,213.39,-2.7
EFACTOR,180.0,185.0,-2.7
MAHLOG,402.7,413.9,-2.71
BVCL,41.37,42.53,-2.73
LTF,308.0,316.65,-2.73
SAHLIBHFI,77.38,79.55,-2.73
BMLL,145.95,150.05,-2.73
SSFLPP,132.0,135.7,-2.73
SWIGGY,280.75,288.65,-2.74
ZIMLAB,111.98,115.15,-2.75
726GS2033,102.99,105.9,-2.75
VOGL,34.91,35.9,-2.76
AROGRANITE,25.33,26.05,-2.76
SUBEXLTD,13.74,14.13,-2.76
APOLSINHOT,1209.2,1243.6,-2.77
INFLUX,283.6,291.75,-2.79
AARTISURF,535.95,551.35,-2.79
ELECON,437.85,450.45,-2.8
ARUNAYA,15.55,16.0,-2.81
VMOBILE,67.2,69.15,-2.82
HPAL,34.16,35.15,-2.82
EMMVEE,318.9,328.15,-2.82
SFL,677.4,697.05,-2.82
SIDDHIKA,209.25,215.35,-2.83
AEROFLEX,426.1,438.5,-2.83
QPOWER,1124.1,1157.0,-2.84
RITCO,297.35,306.05,-2.84
ELITECON,18.06,18.59,-2.85
JAGSNPHARM,231.21,238.05,-2.87
PRAENG,19.9,20.49,-2.88
YATRA,107.03,110.21,-2.89
THEINVEST,98.14,101.06,-2.89
YAAP,146.25,150.6,-2.89
SHIGAN,62.15,64.0,-2.89
CURAA,72.92,75.1,-2.9
GLOBALVECT,159.02,163.79,-2.91
BLUSPRING,112.23,115.59,-2.91
BNAGROCHEM,265.05,273.0,-2.91
KHAICHEM,52.0,53.56,-2.91
KNAGRI,205.47,211.65,-2.92
BTTL,44.2,45.53,-2.92
SHRENIK,0.33,0.34,-2.94
KIRLOSBROS,1901.7,1959.4,-2.94
FINOPB,154.96,159.68,-2.96
0SCL27,1225.0,1262.4,-2.96
NILE,1547.8,1595.0,-2.96
BAJAJELEC,371.15,382.5,-2.97
JAYSREETEA,87.02,89.69,-2.98
MAXESTATES,397.1,409.4,-3.0
FELDVR,2.26,2.33,-3.0
MGEL,14.57,15.02,-3.0
PARAS,1277.1,1316.7,-3.01
AEROENTER,126.39,130.32,-3.02
CEMPRO,1208.1,1245.8,-3.03
SHAREINDIA,168.44,173.7,-3.03
MUKTAARTS,57.0,58.78,-3.03
NEOCHEM,91.0,93.85,-3.04
INDOFARM,158.97,163.97,-3.05
REFRACTORY,25.3,26.1,-3.07
NIITLTD,95.07,98.09,-3.08
PRICOLLTD,737.9,761.45,-3.09
USK,22.19,22.9,-3.1
APCL,102.14,105.43,-3.12
RSYSTEMS,247.85,255.95,-3.16
MALUPAPER,32.68,33.75,-3.17
GIRIRAJ,53.5,55.25,-3.17
UNITEDTEA,468.0,483.3,-3.17
AVPINFRA,63.65,65.75,-3.19
ABCAPITAL,408.05,421.5,-3.19
DRCSYSTEMS,13.32,13.76,-3.2
SIGIND,67.79,70.03,-3.2
GARFIBRES,811.85,838.85,-3.22
SITINET,0.3,0.31,-3.23
TATACAP,370.3,382.7,-3.24
NKIND,60.95,63.0,-3.25
RHL,171.76,177.53,-3.25
BLISSGVS,477.55,493.65,-3.26
SOTL,756.45,781.95,-3.26
CPS,1040.0,1075.0,-3.26
TTKPRESTIG,615.95,636.8,-3.27
MHLXMIRU,151.19,156.34,-3.29
OPTIEMUS,562.1,581.2,-3.29
KECL,143.51,148.39,-3.29
GODAVARIB,246.95,255.35,-3.29
UNILEX,29.0,30.0,-3.33
RAJINDLTD,70.95,73.4,-3.34
MAANALU,124.43,128.76,-3.36
GRADIENTE,2.59,2.68,-3.36
DEEDEV,629.7,651.65,-3.37
GPTHEALTH,159.44,165.03,-3.39
BALAMINES,2029.6,2100.8,-3.39
VIPULLTD,11.89,12.31,-3.41
PROPSHOP,56.7,58.7,-3.41
SAILIFE,1365.2,1413.5,-3.42
PARTYCRUS,85.75,88.8,-3.43
ENSER,15.5,16.05,-3.43
BODALCHEM,68.98,71.44,-3.44
CAPILLARY,560.55,580.6,-3.45
DCMSIL,82.93,85.92,-3.48
TARC,130.78,135.51,-3.49
DHARARAIL,138.0,143.0,-3.5
IBULLSLTD,29.43,30.5,-3.51
1025VCCL28,93000.0,96381.04,-3.51
OCCLLTD,157.09,162.8,-3.51
791PN36,96.47,100.0,-3.53
PREMEXPLN,641.2,664.65,-3.53
TRENT,2997.0,3107.1,-3.54
NDGL,2652.3,2750.0,-3.55
MARSONS,103.97,107.82,-3.57
TRANSRAILL,473.4,490.95,-3.57
MUTHOOTMF,214.02,221.94,-3.57
MOLDTECH,191.41,198.6,-3.62
BLUESTARCO,1514.0,1571.0,-3.63
JNPR,250.22,259.71,-3.65
URAVIDEF,110.03,114.22,-3.67
KONSTELEC,62.6,65.0,-3.69
SHREEKARNI,388.15,403.05,-3.7
BAJAJFINSV,2008.9,2086.0,-3.7
GLFL,5.2,5.4,-3.7
GUJENERGY,265.3,275.6,-3.74
706GS2046,103.0,107.0,-3.74
PERFECT,2.55,2.65,-3.77
COASTCORP,43.33,45.03,-3.78
IZMO,984.25,1023.0,-3.79
CHOLAFIN,1866.2,1940.0,-3.8
SURANASOL,26.57,27.62,-3.8
AQYLON,26.93,28.0,-3.82
SNOWMAN,39.15,40.71,-3.83
SHEMAROO,115.09,119.67,-3.83
IONEXCHANG,371.6,386.4,-3.83
KSL,848.4,882.25,-3.84
DELTIC,34.9,36.3,-3.86
TERASOFT,407.7,424.05,-3.86
KIRLOSENG,2161.7,2248.9,-3.88
MADHAV,34.34,35.74,-3.92
KEEPLEARN,1.95,2.03,-3.94
VMARCIND,316.0,328.95,-3.94
KORE,170.5,177.5,-3.94
NEELAM,8.5,8.85,-3.95
SANDUMA,205.37,213.88,-3.98
CLAYCRAFT,175.05,182.35,-4.0
GSLSU,28.04,29.21,-4.01
CHANDAN,231.1,240.75,-4.01
FINPIPE,164.43,171.31,-4.02
SARTELE,112.35,117.05,-4.02
RVHL,43.51,45.36,-4.08
DECNGOLD,216.22,225.43,-4.09
PAVNAIND,18.31,19.09,-4.09
MSPL,36.01,37.55,-4.1
VISHNUINFR,154.1,160.7,-4.11
NHIT,164.0,171.03,-4.11
ARABIAN,89.65,93.5,-4.12
AVANA,149.55,156.0,-4.13
PRAVEG,275.4,287.25,-4.13
CERA,6062.0,6324.5,-4.15
ASHIKAG,454.4,474.05,-4.15
ENIL,102.08,106.51,-4.16
SHREEPUSHK,407.1,424.75,-4.16
SONATSOFTW,318.05,331.95,-4.19
SHALPAINTS,84.47,88.17,-4.2
MANAKSTEEL,84.43,88.13,-4.2
VIPCLOTHNG,20.73,21.64,-4.21
EMMIL,122.95,128.4,-4.24
JNKINDIA,403.0,420.9,-4.25
RITEZONE,19.1,19.95,-4.26
SAROJA,28.0,29.25,-4.27
KRITINUT,90.06,94.09,-4.28
AGL,13.84,14.46,-4.29
EXIMROUTES,109.1,114.0,-4.3
TCIEXP,554.6,579.6,-4.31
SYNOPTICS,71.0,74.2,-4.31
VERITAAS,33.3,34.8,-4.31
RCDL,29.9,31.25,-4.32
TSC,44.0,46.0,-4.35
CBAZAAR,5.5,5.75,-4.35
SHYAMTEL,15.54,16.25,-4.37
QUADFUTURE,361.5,378.0,-4.37
SABAR,6.55,6.85,-4.38
NAVINFLUOR,8271.0,8650.0,-4.38
VINEETLAB,36.99,38.7,-4.42
PRAXIS,6.91,7.23,-4.43
JKTYRE,394.9,413.25,-4.44
TRANSPEK,1262.4,1321.4,-4.46
TEMBO,60.95,63.8,-4.47
ASALCBR,732.9,767.25,-4.48
SANDESH,1134.45,1187.75,-4.49
CGCL,230.25,241.07,-4.49
ALPINETEX,63.27,66.25,-4.5
TRIDHYA,9.5,9.95,-4.52
ZENITHDRUG,42.0,44.0,-4.55
SSEGL,328.8,344.5,-4.56
MODIS,392.4,411.15,-4.56
TROM,56.3,59.0,-4.58
PRECOT,813.25,852.65,-4.62
SHANTHALA,17.55,18.4,-4.62
FUSION,204.99,214.99,-4.65
10IIFLSF27,1001.07,1050.0,-4.66
DCMFINSERV,5.29,5.55,-4.68
SUTLEJTEX,38.54,40.44,-4.7
EMPOWER,2.43,2.55,-4.71
INTERARCH,1772.8,1860.4,-4.71
BALCO,17.15,18.0,-4.72
AKIKO,321.25,337.3,-4.76
PARASPETRO,2.59,2.72,-4.78
HCC,20.52,21.55,-4.78
GAEL,169.22,177.72,-4.78
UNIVASTU,134.75,141.55,-4.8
960IIFL30,990.11,1040.0,-4.8
FSL,279.85,293.95,-4.8
SAMAY,41.5,43.6,-4.82
JAYKAY,148.85,156.42,-4.84
TVVISION,4.13,4.34,-4.84
MONOPHARMA,7.85,8.25,-4.85
ANUP,1896.0,1993.3,-4.88
AGUL,56.45,59.35,-4.89
AUSL,24.25,25.5,-4.9
YUDIZ,26.2,27.55,-4.9
OMAXAUTO,183.12,192.6,-4.92
754TN36,95.08,100.0,-4.92
ARMOUR,18.35,19.3,-4.92
CLASSICEIL,54.15,56.95,-4.92
MANCREDIT,240.09,252.56,-4.94
POLYSIL,75.0,78.9,-4.94
LRRPL,84.6,89.0,-4.94
SUMEETINDS,17.28,18.18,-4.95
KOPRAN,181.22,190.66,-4.95
HMVL,98.67,103.81,-4.95
AAKAAR,60.5,63.65,-4.95
GREENPANEL,192.25,202.27,-4.95
JETKNIT,59.35,62.45,-4.96
SPECTRUM,2440.7,2568.0,-4.96
RFBL,83.15,87.5,-4.97
TBI,63.15,66.45,-4.97
GSMFOILS,126.1,132.7,-4.97
MVKAGRO,242.1,254.8,-4.98
GRWRHITECH,6973.0,7338.5,-4.98
METALIC,110.35,116.15,-4.99
WAAREEINDO,327.6,344.8,-4.99
OMFURN,59.95,63.1,-4.99
E2E,575.45,605.7,-4.99
COFFEEDAY,32.4,34.1,-4.99
HRHNEXT,25.65,27.0,-5.0
751UP40,95.0,100.0,-5.0
774UP38,95.0,100.0,-5.0
788UP46,95.0,100.0,-5.0
747GJ28,95.0,100.0,-5.0
746UP37,95.0,100.0,-5.0
MEDIORG,25.65,27.0,-5.0
NATIONSTD,191.85,201.94,-5.0
LOTUSDEV,185.83,195.61,-5.0
774GJ38,95.0,100.0,-5.0
RSDFIN,144.82,152.44,-5.0
JAYBARMARU,139.32,146.65,-5.0
755MH34,95.0,100.0,-5.0
754MH37,95.0,100.0,-5.0
MHHL,35.15,37.0,-5.0
STALLION,256.5,270.2,-5.07
ALLCARGO,9.26,9.76,-5.12
HUHTAMAKI,274.95,289.95,-5.17
ADVAIT,2193.3,2313.1,-5.18
MAPMYINDIA,1014.3,1070.7,-5.27
ZENITHSTL,5.35,5.65,-5.31
ESAFSFB,40.27,42.54,-5.34
SULA,158.55,167.54,-5.37
ELIN,96.49,102.03,-5.43
CLSEL,278.1,294.15,-5.46
KOKUYOCMLN,85.01,89.95,-5.49
SEPC,6.18,6.54,-5.5
ECLERX,1769.1,1872.4,-5.52
VIKRAMSOLR,164.34,173.96,-5.53
RMC,335.5,355.2,-5.55
SEL,221.9,235.0,-5.57
TEJA,603.35,639.5,-5.65
CHEMPLASTS,183.61,194.61,-5.65
OSWALAGRO,40.16,42.57,-5.66
RETAIL,16.27,17.25,-5.68
AATMAJ,18.8,19.95,-5.76
BETA,2373.7,2518.9,-5.76
IGARASHI,465.15,493.8,-5.8
1015SCFL29,970.2,1030.15,-5.82
INDIASHLTR,691.9,734.85,-5.84
BAJFINANCE,1078.0,1144.8,-5.84
EIHOTEL,306.55,325.65,-5.87
CAPACITE,212.59,225.92,-5.9
PHANTOMFX,155.15,165.0,-5.97
QUINT,37.48,39.86,-5.97
SAKSOFT,165.05,175.56,-5.99
ROCKINGDCE,175.95,187.25,-6.03
SHAILY,3162.3,3366.3,-6.06
KABRAEXTRU,448.6,477.6,-6.07
IDENTICAL,18.35,19.55,-6.14
EXICOM,158.9,169.56,-6.29
ACETEC,131.55,140.5,-6.37
PNCINFRA,224.38,239.76,-6.41
ASKAUTOLTD,634.95,678.8,-6.46
ENCOMPAS,240.75,258.3,-6.79
AKSHAR,0.41,0.44,-6.82
NIRMAN,34.0,36.55,-6.98
WANBURY,254.95,274.25,-7.04
ANTELOPUS,799.45,860.4,-7.08
DDEVPLSTIK,288.2,310.6,-7.21
RATNAMANI,2197.6,2370.6,-7.3
BOHRAIND,13.85,14.94,-7.3
CARRARO,502.05,542.15,-7.4
CROMPTON,249.95,270.0,-7.43
TTL,5.81,6.28,-7.48
1003SCL31P,950.2,1027.18,-7.49
PENTAGON,50.7,54.95,-7.73
OMNI,578.35,627.05,-7.77
TIL,232.1,252.5,-8.08
SUNLITE,438.9,478.0,-8.18
RAIN,222.88,243.0,-8.28
DIGIKORE,35.25,38.6,-8.68
DUGLOBAL,26.45,29.0,-8.79
965SCL25F,930.0,1020.0,-8.82
JYOTICNC,784.3,865.05,-9.33
RELIGARE,232.35,256.55,-9.43
SAURASHCEM,62.14,68.93,-9.85
AASTHA,74.6,82.88,-9.99
ISHAN,0.45,0.5,-10.0
INDOTHAI,99.59,110.65,-10.0
CELLPOINT,16.15,18.0,-10.28
GALAPREC,1036.4,1162.2,-10.82
BATLIBOI,91.13,102.67,-11.24
IXIGO,176.25,202.67,-13.04
980SCL33D,835.0,1000.2,-16.52
